SerialNo,1
HwVersionMajor,0
HwVersionMinor,0
ProductionYear,0
ProductionMonth,0
ProductionDay,0
MemoryRetryQty,3
MemoryRetryDelayMs,50
WatchdogTimeMs,0
DateYearConfig,0
DateMonthConfig,0
DateDayConfig,0
ClockHourConfig,0
ClockMinuteConfig,0
ClockSecondConfig,0
UpStreamBaudrate,2000000
ShodowHoldingRegisterConfig[0],0
ShodowHoldingRegisterConfig[1],0
ShodowHoldingRegisterConfig[2],0
ShodowHoldingRegisterConfig[3],0
ShodowHoldingRegisterConfig[4],0
ShodowHoldingRegisterConfig[5],0
ShodowHoldingRegisterConfig[6],0
ShodowHoldingRegisterConfig[7],0
ShodowHoldingRegisterConfig[8],0
ShodowHoldingRegisterConfig[9],0
ShodowHoldingRegisterConfig[10],0
ShodowHoldingRegisterConfig[11],0
ShodowHoldingRegisterConfig[12],0
ShodowHoldingRegisterConfig[13],0
ShodowHoldingRegisterConfig[14],0
ShodowHoldingRegisterConfig[15],0
ShodowHoldingRegisterConfig[16],0
ShodowHoldingRegisterConfig[17],0
ShodowHoldingRegisterConfig[18],0
ShodowHoldingRegisterConfig[19],0
ShodowHoldingRegisterConfig[20],0
ShodowHoldingRegisterConfig[21],0
ShodowHoldingRegisterConfig[22],0
ShodowHoldingRegisterConfig[23],0
ShodowHoldingRegisterConfig[24],0
ShodowHoldingRegisterConfig[25],0
ShodowHoldingRegisterConfig[26],0
ShodowHoldingRegisterConfig[27],0
ShodowHoldingRegisterConfig[28],0
ShodowHoldingRegisterConfig[29],0
ShodowHoldingRegisterConfig[30],0
ShodowHoldingRegisterConfig[31],0
ShodowHoldingRegisterConfig[32],0
ShodowHoldingRegisterConfig[33],0
ShodowHoldingRegisterConfig[34],0
ShodowHoldingRegisterConfig[35],0
ShodowHoldingRegisterConfig[36],0
ShodowHoldingRegisterConfig[37],0
ShodowHoldingRegisterConfig[38],0
ShodowHoldingRegisterConfig[39],0
ShodowHoldingRegisterConfig[40],0
ShodowHoldingRegisterConfig[41],0
ShodowHoldingRegisterConfig[42],0
ShodowHoldingRegisterConfig[43],0
ShodowHoldingRegisterConfig[44],0
ShodowHoldingRegisterConfig[45],0
ShodowHoldingRegisterConfig[46],0
ShodowHoldingRegisterConfig[47],0
ShodowHoldingRegisterConfig[48],0
ShodowHoldingRegisterConfig[49],0
ShodowHoldingRegisterConfig[50],0
ShodowHoldingRegisterConfig[51],0
ShodowHoldingRegisterConfig[52],0
ShodowHoldingRegisterConfig[53],0
ShodowHoldingRegisterConfig[54],0
ShodowHoldingRegisterConfig[55],0
ShodowHoldingRegisterConfig[56],0
ShodowHoldingRegisterConfig[57],0
ShodowHoldingRegisterConfig[58],0
ShodowHoldingRegisterConfig[59],0
ShodowHoldingRegisterConfig[60],0
ShodowHoldingRegisterConfig[61],0
ShodowHoldingRegisterConfig[62],0
ShodowHoldingRegisterConfig[63],0
ShodowHoldingRegisterConfig[64],0
ShodowHoldingRegisterConfig[65],0
ShodowHoldingRegisterConfig[66],0
ShodowHoldingRegisterConfig[67],0
ShodowHoldingRegisterConfig[68],0
ShodowHoldingRegisterConfig[69],0
ShodowHoldingRegisterConfig[70],0
ShodowHoldingRegisterConfig[71],0
ShodowHoldingRegisterConfig[72],0
ShodowHoldingRegisterConfig[73],0
ShodowHoldingRegisterConfig[74],0
ShodowHoldingRegisterConfig[75],0
ShodowHoldingRegisterConfig[76],0
ShodowHoldingRegisterConfig[77],0
ShodowHoldingRegisterConfig[78],0
ShodowHoldingRegisterConfig[79],0
ShodowHoldingRegisterConfig[80],0
ShodowHoldingRegisterConfig[81],0
ShodowHoldingRegisterConfig[82],0
ShodowHoldingRegisterConfig[83],0
ShodowHoldingRegisterConfig[84],0
ShodowHoldingRegisterConfig[85],0
ShodowHoldingRegisterConfig[86],0
ShodowHoldingRegisterConfig[87],0
ShodowHoldingRegisterConfig[88],0
ShodowHoldingRegisterConfig[89],0
ShodowHoldingRegisterConfig[90],0
ShodowHoldingRegisterConfig[91],0
ShodowHoldingRegisterConfig[92],0
ShodowHoldingRegisterConfig[93],0
ShodowHoldingRegisterConfig[94],0
ShodowHoldingRegisterConfig[95],0
ShodowHoldingRegisterConfig[96],0
ShodowHoldingRegisterConfig[97],0
ShodowHoldingRegisterConfig[98],0
ShodowHoldingRegisterConfig[99],0
ShodowHoldingRegisterConfig[100],0
ShodowHoldingRegisterConfig[101],0
ShodowHoldingRegisterConfig[102],0
ShodowHoldingRegisterConfig[103],0
ShodowHoldingRegisterConfig[104],0
ShodowHoldingRegisterConfig[105],0
ShodowHoldingRegisterConfig[106],0
ShodowHoldingRegisterConfig[107],0
ShodowHoldingRegisterConfig[108],0
ShodowHoldingRegisterConfig[109],0
ShodowHoldingRegisterConfig[110],0
ShodowHoldingRegisterConfig[111],0
ShodowHoldingRegisterConfig[112],0
ShodowHoldingRegisterConfig[113],0
ShodowHoldingRegisterConfig[114],0
ShodowHoldingRegisterConfig[115],0
ShodowHoldingRegisterConfig[116],0
ShodowHoldingRegisterConfig[117],0
ShodowHoldingRegisterConfig[118],0
ShodowHoldingRegisterConfig[119],0
ShodowHoldingRegisterConfig[120],0
ShodowHoldingRegisterConfig[121],0
ShodowHoldingRegisterConfig[122],0
ShodowHoldingRegisterConfig[123],0
ShodowHoldingRegisterConfig[124],0
ShodowHoldingRegisterConfig[125],0
ShodowHoldingRegisterConfig[126],0
ShodowHoldingRegisterConfig[127],0
ShodowHoldingRegisterConfig[128],0
ShodowHoldingRegisterConfig[129],0
ShodowHoldingRegisterConfig[130],0
ShodowHoldingRegisterConfig[131],0
ShodowHoldingRegisterConfig[132],0
ShodowHoldingRegisterConfig[133],0
ShodowHoldingRegisterConfig[134],0
ShodowHoldingRegisterConfig[135],0
ShodowHoldingRegisterConfig[136],0
ShodowHoldingRegisterConfig[137],0
ShodowHoldingRegisterConfig[138],0
ShodowHoldingRegisterConfig[139],0
ShodowHoldingRegisterConfig[140],0
ShodowHoldingRegisterConfig[141],0
ShodowHoldingRegisterConfig[142],0
ShodowHoldingRegisterConfig[143],0
ShodowHoldingRegisterConfig[144],0
ShodowHoldingRegisterConfig[145],0
ShodowHoldingRegisterConfig[146],0
ShodowHoldingRegisterConfig[147],0
ShodowHoldingRegisterConfig[148],0
ShodowHoldingRegisterConfig[149],0
ShodowHoldingRegisterConfig[150],0
ShodowHoldingRegisterConfig[151],0
ShodowHoldingRegisterConfig[152],0
ShodowHoldingRegisterConfig[153],0
ShodowHoldingRegisterConfig[154],0
ShodowHoldingRegisterConfig[155],0
ShodowHoldingRegisterConfig[156],0
ShodowHoldingRegisterConfig[157],0
ShodowHoldingRegisterConfig[158],0
ShodowHoldingRegisterConfig[159],0
ShodowHoldingRegisterConfig[160],0
ShodowHoldingRegisterConfig[161],0
ShodowHoldingRegisterConfig[162],0
ShodowHoldingRegisterConfig[163],0
ShodowHoldingRegisterConfig[164],0
ShodowHoldingRegisterConfig[165],0
ShodowHoldingRegisterConfig[166],0
ShodowHoldingRegisterConfig[167],0
ShodowHoldingRegisterConfig[168],0
ShodowHoldingRegisterConfig[169],0
ShodowHoldingRegisterConfig[170],0
ShodowHoldingRegisterConfig[171],0
ShodowHoldingRegisterConfig[172],0
ShodowHoldingRegisterConfig[173],0
ShodowHoldingRegisterConfig[174],0
ShodowHoldingRegisterConfig[175],0
ShodowHoldingRegisterConfig[176],0
ShodowHoldingRegisterConfig[177],0
ShodowHoldingRegisterConfig[178],0
ShodowHoldingRegisterConfig[179],0
ShodowHoldingRegisterConfig[180],0
ShodowHoldingRegisterConfig[181],0
ShodowHoldingRegisterConfig[182],0
ShodowHoldingRegisterConfig[183],0
ShodowHoldingRegisterConfig[184],0
ShodowHoldingRegisterConfig[185],0
ShodowHoldingRegisterConfig[186],0
ShodowHoldingRegisterConfig[187],0
ShodowHoldingRegisterConfig[188],0
ShodowHoldingRegisterConfig[189],0
ShodowHoldingRegisterConfig[190],0
ShodowHoldingRegisterConfig[191],0
ShodowHoldingRegisterConfig[192],0
ShodowHoldingRegisterConfig[193],0
ShodowHoldingRegisterConfig[194],0
ShodowHoldingRegisterConfig[195],0
ShodowHoldingRegisterConfig[196],0
ShodowHoldingRegisterConfig[197],0
ShodowHoldingRegisterConfig[198],0
ShodowHoldingRegisterConfig[199],0
ShodowHoldingRegisterConfig[200],0
ShodowHoldingRegisterConfig[201],0
ShodowHoldingRegisterConfig[202],0
ShodowHoldingRegisterConfig[203],0
ShodowHoldingRegisterConfig[204],0
ShodowHoldingRegisterConfig[205],0
ShodowHoldingRegisterConfig[206],0
ShodowHoldingRegisterConfig[207],0
ShodowHoldingRegisterConfig[208],0
ShodowHoldingRegisterConfig[209],0
ShodowHoldingRegisterConfig[210],0
ShodowHoldingRegisterConfig[211],0
ShodowHoldingRegisterConfig[212],0
ShodowHoldingRegisterConfig[213],0
ShodowHoldingRegisterConfig[214],0
ShodowHoldingRegisterConfig[215],0
ShodowHoldingRegisterConfig[216],0
ShodowHoldingRegisterConfig[217],0
ShodowHoldingRegisterConfig[218],0
ShodowHoldingRegisterConfig[219],0
ShodowHoldingRegisterConfig[220],0
ShodowHoldingRegisterConfig[221],0
ShodowHoldingRegisterConfig[222],0
ShodowHoldingRegisterConfig[223],0
ShodowHoldingRegisterConfig[224],0
ShodowHoldingRegisterConfig[225],0
ShodowHoldingRegisterConfig[226],0
ShodowHoldingRegisterConfig[227],0
ShodowHoldingRegisterConfig[228],0
ShodowHoldingRegisterConfig[229],0
ShodowHoldingRegisterConfig[230],0
ShodowHoldingRegisterConfig[231],0
ShodowHoldingRegisterConfig[232],0
ShodowHoldingRegisterConfig[233],0
ShodowHoldingRegisterConfig[234],0
ShodowHoldingRegisterConfig[235],0
ShodowHoldingRegisterConfig[236],0
ShodowHoldingRegisterConfig[237],0
ShodowHoldingRegisterConfig[238],0
ShodowHoldingRegisterConfig[239],0
ShodowHoldingRegisterConfig[240],0
ShodowHoldingRegisterConfig[241],0
ShodowHoldingRegisterConfig[242],0
ShodowHoldingRegisterConfig[243],0
ShodowHoldingRegisterConfig[244],0
ShodowHoldingRegisterConfig[245],0
ShodowHoldingRegisterConfig[246],0
ShodowHoldingRegisterConfig[247],0
ShodowHoldingRegisterConfig[248],0
ShodowHoldingRegisterConfig[249],0
ShodowHoldingRegisterConfig[250],0
ShodowHoldingRegisterConfig[251],0
ShodowHoldingRegisterConfig[252],0
ShodowHoldingRegisterConfig[253],0
ShodowHoldingRegisterConfig[254],0
ShodowHoldingRegisterConfig[255],0
ShodowHoldingRegisterConfig[256],0
ShodowHoldingRegisterConfig[257],0
ShodowHoldingRegisterConfig[258],0
ShodowHoldingRegisterConfig[259],0
ShodowHoldingRegisterConfig[260],0
ShodowHoldingRegisterConfig[261],0
ShodowHoldingRegisterConfig[262],0
ShodowHoldingRegisterConfig[263],0
ShodowHoldingRegisterConfig[264],0
ShodowHoldingRegisterConfig[265],0
ShodowHoldingRegisterConfig[266],0
ShodowHoldingRegisterConfig[267],0
ShodowHoldingRegisterConfig[268],0
ShodowHoldingRegisterConfig[269],0
ShodowHoldingRegisterConfig[270],0
ShodowHoldingRegisterConfig[271],0
ShodowHoldingRegisterConfig[272],0
ShodowHoldingRegisterConfig[273],0
ShodowHoldingRegisterConfig[274],0
ShodowHoldingRegisterConfig[275],0
ShodowHoldingRegisterConfig[276],0
ShodowHoldingRegisterConfig[277],0
ShodowHoldingRegisterConfig[278],0
ShodowHoldingRegisterConfig[279],0
ShodowHoldingRegisterConfig[280],0
ShodowHoldingRegisterConfig[281],0
ShodowHoldingRegisterConfig[282],0
ShodowHoldingRegisterConfig[283],0
ShodowHoldingRegisterConfig[284],0
ShodowHoldingRegisterConfig[285],0
ShodowHoldingRegisterConfig[286],0
ShodowHoldingRegisterConfig[287],0
ShodowHoldingRegisterConfig[288],0
ShodowHoldingRegisterConfig[289],0
ShodowHoldingRegisterConfig[290],0
ShodowHoldingRegisterConfig[291],0
ShodowHoldingRegisterConfig[292],0
ShodowHoldingRegisterConfig[293],0
ShodowHoldingRegisterConfig[294],0
ShodowHoldingRegisterConfig[295],0
ShodowHoldingRegisterConfig[296],0
ShodowHoldingRegisterConfig[297],0
ShodowHoldingRegisterConfig[298],0
ShodowHoldingRegisterConfig[299],0
ShodowHoldingRegisterConfig[300],0
ShodowHoldingRegisterConfig[301],0
ShodowHoldingRegisterConfig[302],0
ShodowHoldingRegisterConfig[303],0
ShodowHoldingRegisterConfig[304],0
ShodowHoldingRegisterConfig[305],0
ShodowHoldingRegisterConfig[306],0
ShodowHoldingRegisterConfig[307],0
ShodowHoldingRegisterConfig[308],0
ShodowHoldingRegisterConfig[309],0
ShodowHoldingRegisterConfig[310],0
ShodowHoldingRegisterConfig[311],0
ShodowHoldingRegisterConfig[312],0
ShodowHoldingRegisterConfig[313],0
ShodowHoldingRegisterConfig[314],0
ShodowHoldingRegisterConfig[315],0
ShodowHoldingRegisterConfig[316],0
ShodowHoldingRegisterConfig[317],0
ShodowHoldingRegisterConfig[318],0
ShodowHoldingRegisterConfig[319],0
ShodowHoldingRegisterConfig[320],0
ShodowHoldingRegisterConfig[321],0
ShodowHoldingRegisterConfig[322],0
ShodowHoldingRegisterConfig[323],0
ShodowHoldingRegisterConfig[324],0
ShodowHoldingRegisterConfig[325],0
ShodowHoldingRegisterConfig[326],0
ShodowHoldingRegisterConfig[327],0
ShodowHoldingRegisterConfig[328],0
ShodowHoldingRegisterConfig[329],0
ShodowHoldingRegisterConfig[330],0
ShodowHoldingRegisterConfig[331],0
ShodowHoldingRegisterConfig[332],0
ShodowHoldingRegisterConfig[333],0
ShodowHoldingRegisterConfig[334],0
ShodowHoldingRegisterConfig[335],0
ShodowHoldingRegisterConfig[336],0
ShodowHoldingRegisterConfig[337],0
ShodowHoldingRegisterConfig[338],0
ShodowHoldingRegisterConfig[339],0
ShodowHoldingRegisterConfig[340],0
ShodowHoldingRegisterConfig[341],0
ShodowHoldingRegisterConfig[342],0
ShodowHoldingRegisterConfig[343],0
ShodowHoldingRegisterConfig[344],0
ShodowHoldingRegisterConfig[345],0
ShodowHoldingRegisterConfig[346],0
ShodowHoldingRegisterConfig[347],0
ShodowHoldingRegisterConfig[348],0
ShodowHoldingRegisterConfig[349],0
ShodowHoldingRegisterConfig[350],0
ShodowHoldingRegisterConfig[351],0
ShodowHoldingRegisterConfig[352],0
ShodowHoldingRegisterConfig[353],0
ShodowHoldingRegisterConfig[354],0
ShodowHoldingRegisterConfig[355],0
ShodowHoldingRegisterConfig[356],0
ShodowHoldingRegisterConfig[357],0
ShodowHoldingRegisterConfig[358],0
ShodowHoldingRegisterConfig[359],0
ShodowHoldingRegisterConfig[360],0
ShodowHoldingRegisterConfig[361],0
ShodowHoldingRegisterConfig[362],0
ShodowHoldingRegisterConfig[363],0
ShodowHoldingRegisterConfig[364],0
ShodowHoldingRegisterConfig[365],0
ShodowHoldingRegisterConfig[366],0
ShodowHoldingRegisterConfig[367],0
ShodowHoldingRegisterConfig[368],0
ShodowHoldingRegisterConfig[369],0
ShodowHoldingRegisterConfig[370],0
ShodowHoldingRegisterConfig[371],0
ShodowHoldingRegisterConfig[372],0
ShodowHoldingRegisterConfig[373],0
ShodowHoldingRegisterConfig[374],0
ShodowHoldingRegisterConfig[375],0
ShodowHoldingRegisterConfig[376],0
ShodowHoldingRegisterConfig[377],0
ShodowHoldingRegisterConfig[378],0
ShodowHoldingRegisterConfig[379],0
ShodowHoldingRegisterConfig[380],0
ShodowHoldingRegisterConfig[381],0
ShodowHoldingRegisterConfig[382],0
ShodowHoldingRegisterConfig[383],0
ShodowHoldingRegisterConfig[384],0
ShodowHoldingRegisterConfig[385],0
ShodowHoldingRegisterConfig[386],0
ShodowHoldingRegisterConfig[387],0
ShodowHoldingRegisterConfig[388],0
ShodowHoldingRegisterConfig[389],0
ShodowHoldingRegisterConfig[390],0
ShodowHoldingRegisterConfig[391],0
ShodowHoldingRegisterConfig[392],0
ShodowHoldingRegisterConfig[393],0
ShodowHoldingRegisterConfig[394],0
ShodowHoldingRegisterConfig[395],0
ShodowHoldingRegisterConfig[396],0
ShodowHoldingRegisterConfig[397],0
ShodowHoldingRegisterConfig[398],0
ShodowHoldingRegisterConfig[399],0
ShodowHoldingRegisterConfig[400],0
ShodowHoldingRegisterConfig[401],0
ShodowHoldingRegisterConfig[402],0
ShodowHoldingRegisterConfig[403],0
ShodowHoldingRegisterConfig[404],0
ShodowHoldingRegisterConfig[405],0
ShodowHoldingRegisterConfig[406],0
ShodowHoldingRegisterConfig[407],0
ShodowHoldingRegisterConfig[408],0
ShodowHoldingRegisterConfig[409],0
ShodowHoldingRegisterConfig[410],0
ShodowHoldingRegisterConfig[411],0
ShodowHoldingRegisterConfig[412],0
ShodowHoldingRegisterConfig[413],0
ShodowHoldingRegisterConfig[414],0
ShodowHoldingRegisterConfig[415],0
ShodowHoldingRegisterConfig[416],0
ShodowHoldingRegisterConfig[417],0
ShodowHoldingRegisterConfig[418],0
ShodowHoldingRegisterConfig[419],0
ShodowHoldingRegisterConfig[420],0
ShodowHoldingRegisterConfig[421],0
ShodowHoldingRegisterConfig[422],0
ShodowHoldingRegisterConfig[423],0
ShodowHoldingRegisterConfig[424],0
ShodowHoldingRegisterConfig[425],0
ShodowHoldingRegisterConfig[426],0
ShodowHoldingRegisterConfig[427],0
ShodowHoldingRegisterConfig[428],0
ShodowHoldingRegisterConfig[429],0
ShodowHoldingRegisterConfig[430],0
ShodowHoldingRegisterConfig[431],0
ShodowHoldingRegisterConfig[432],0
ShodowHoldingRegisterConfig[433],0
ShodowHoldingRegisterConfig[434],0
ShodowHoldingRegisterConfig[435],0
ShodowHoldingRegisterConfig[436],0
ShodowHoldingRegisterConfig[437],0
ShodowHoldingRegisterConfig[438],0
ShodowHoldingRegisterConfig[439],0
ShodowHoldingRegisterConfig[440],0
ShodowHoldingRegisterConfig[441],0
ShodowHoldingRegisterConfig[442],0
ShodowHoldingRegisterConfig[443],0
ShodowHoldingRegisterConfig[444],0
ShodowHoldingRegisterConfig[445],0
ShodowHoldingRegisterConfig[446],0
ShodowHoldingRegisterConfig[447],0
ShodowHoldingRegisterConfig[448],0
ShodowHoldingRegisterConfig[449],0
ShodowHoldingRegisterConfig[450],0
ShodowHoldingRegisterConfig[451],0
ShodowHoldingRegisterConfig[452],0
ShodowHoldingRegisterConfig[453],0
ShodowHoldingRegisterConfig[454],0
ShodowHoldingRegisterConfig[455],0
ShodowHoldingRegisterConfig[456],0
ShodowHoldingRegisterConfig[457],0
ShodowHoldingRegisterConfig[458],0
ShodowHoldingRegisterConfig[459],0
ShodowHoldingRegisterConfig[460],0
ShodowHoldingRegisterConfig[461],0
ShodowHoldingRegisterConfig[462],0
ShodowHoldingRegisterConfig[463],0
ShodowHoldingRegisterConfig[464],0
ShodowHoldingRegisterConfig[465],0
ShodowHoldingRegisterConfig[466],0
ShodowHoldingRegisterConfig[467],0
ShodowHoldingRegisterConfig[468],0
ShodowHoldingRegisterConfig[469],0
ShodowHoldingRegisterConfig[470],0
ShodowHoldingRegisterConfig[471],0
ShodowHoldingRegisterConfig[472],0
ShodowHoldingRegisterConfig[473],0
ShodowHoldingRegisterConfig[474],0
ShodowHoldingRegisterConfig[475],0
ShodowHoldingRegisterConfig[476],0
ShodowHoldingRegisterConfig[477],0
ShodowHoldingRegisterConfig[478],0
ShodowHoldingRegisterConfig[479],0
ShodowHoldingRegisterConfig[480],0
ShodowHoldingRegisterConfig[481],0
ShodowHoldingRegisterConfig[482],0
ShodowHoldingRegisterConfig[483],0
ShodowHoldingRegisterConfig[484],0
ShodowHoldingRegisterConfig[485],0
ShodowHoldingRegisterConfig[486],0
ShodowHoldingRegisterConfig[487],0
ShodowHoldingRegisterConfig[488],0
ShodowHoldingRegisterConfig[489],0
ShodowHoldingRegisterConfig[490],0
ShodowHoldingRegisterConfig[491],0
ShodowHoldingRegisterConfig[492],0
ShodowHoldingRegisterConfig[493],0
ShodowHoldingRegisterConfig[494],0
ShodowHoldingRegisterConfig[495],0
ShodowHoldingRegisterConfig[496],0
ShodowHoldingRegisterConfig[497],0
ShodowHoldingRegisterConfig[498],0
ShodowHoldingRegisterConfig[499],0
ShodowHoldingRegisterConfig[500],0
ShodowHoldingRegisterConfig[501],0
ShodowHoldingRegisterConfig[502],0
ShodowHoldingRegisterConfig[503],0
ShodowHoldingRegisterConfig[504],0
ShodowHoldingRegisterConfig[505],0
ShodowHoldingRegisterConfig[506],0
ShodowHoldingRegisterConfig[507],0
ShodowHoldingRegisterConfig[508],0
ShodowHoldingRegisterConfig[509],0
ShodowHoldingRegisterConfig[510],0
ShodowHoldingRegisterConfig[511],0
ShodowHoldingRegisterConfig[512],0
ShodowHoldingRegisterConfig[513],0
ShodowHoldingRegisterConfig[514],0
ShodowHoldingRegisterConfig[515],0
ShodowHoldingRegisterConfig[516],0
ShodowHoldingRegisterConfig[517],0
ShodowHoldingRegisterConfig[518],0
ShodowHoldingRegisterConfig[519],0
ShodowHoldingRegisterConfig[520],0
ShodowHoldingRegisterConfig[521],0
ShodowHoldingRegisterConfig[522],0
ShodowHoldingRegisterConfig[523],0
ShodowHoldingRegisterConfig[524],0
ShodowHoldingRegisterConfig[525],0
ShodowHoldingRegisterConfig[526],0
ShodowHoldingRegisterConfig[527],0
ShodowHoldingRegisterConfig[528],0
ShodowHoldingRegisterConfig[529],0
ShodowHoldingRegisterConfig[530],0
ShodowHoldingRegisterConfig[531],0
ShodowHoldingRegisterConfig[532],0
ShodowHoldingRegisterConfig[533],0
ShodowHoldingRegisterConfig[534],0
ShodowHoldingRegisterConfig[535],0
ShodowHoldingRegisterConfig[536],0
ShodowHoldingRegisterConfig[537],0
ShodowHoldingRegisterConfig[538],0
ShodowHoldingRegisterConfig[539],0
ShodowHoldingRegisterConfig[540],0
ShodowHoldingRegisterConfig[541],0
ShodowHoldingRegisterConfig[542],0
ShodowHoldingRegisterConfig[543],0
ShodowHoldingRegisterConfig[544],0
ShodowHoldingRegisterConfig[545],0
ShodowHoldingRegisterConfig[546],0
ShodowHoldingRegisterConfig[547],0
ShodowHoldingRegisterConfig[548],0
ShodowHoldingRegisterConfig[549],0
ShodowHoldingRegisterConfig[550],0
ShodowHoldingRegisterConfig[551],0
ShodowHoldingRegisterConfig[552],0
ShodowHoldingRegisterConfig[553],0
ShodowHoldingRegisterConfig[554],0
ShodowHoldingRegisterConfig[555],0
ShodowHoldingRegisterConfig[556],0
ShodowHoldingRegisterConfig[557],0
ShodowHoldingRegisterConfig[558],0
ShodowHoldingRegisterConfig[559],0
ShodowHoldingRegisterConfig[560],0
ShodowHoldingRegisterConfig[561],0
ShodowHoldingRegisterConfig[562],0
ShodowHoldingRegisterConfig[563],0
ShodowHoldingRegisterConfig[564],0
ShodowHoldingRegisterConfig[565],0
ShodowHoldingRegisterConfig[566],0
ShodowHoldingRegisterConfig[567],0
ShodowHoldingRegisterConfig[568],0
ShodowHoldingRegisterConfig[569],0
ShodowHoldingRegisterConfig[570],0
ShodowHoldingRegisterConfig[571],0
ShodowHoldingRegisterConfig[572],0
ShodowHoldingRegisterConfig[573],0
ShodowHoldingRegisterConfig[574],0
ShodowHoldingRegisterConfig[575],0
ShodowHoldingRegisterConfig[576],0
ShodowHoldingRegisterConfig[577],0
ShodowHoldingRegisterConfig[578],0
ShodowHoldingRegisterConfig[579],0
ShodowHoldingRegisterConfig[580],0
ShodowHoldingRegisterConfig[581],0
ShodowHoldingRegisterConfig[582],0
ShodowHoldingRegisterConfig[583],0
ShodowHoldingRegisterConfig[584],0
ShodowHoldingRegisterConfig[585],0
ShodowHoldingRegisterConfig[586],0
ShodowHoldingRegisterConfig[587],0
ShodowHoldingRegisterConfig[588],0
ShodowHoldingRegisterConfig[589],0
ShodowHoldingRegisterConfig[590],0
ShodowHoldingRegisterConfig[591],0
ShodowHoldingRegisterConfig[592],0
ShodowHoldingRegisterConfig[593],0
ShodowHoldingRegisterConfig[594],0
ShodowHoldingRegisterConfig[595],0
ShodowHoldingRegisterConfig[596],0
ShodowHoldingRegisterConfig[597],0
ShodowHoldingRegisterConfig[598],0
ShodowHoldingRegisterConfig[599],0
ShodowHoldingRegisterConfig[600],0
ShodowHoldingRegisterConfig[601],0
ShodowHoldingRegisterConfig[602],0
ShodowHoldingRegisterConfig[603],0
ShodowHoldingRegisterConfig[604],0
ShodowHoldingRegisterConfig[605],0
ShodowHoldingRegisterConfig[606],0
ShodowHoldingRegisterConfig[607],0
ShodowHoldingRegisterConfig[608],0
ShodowHoldingRegisterConfig[609],0
ShodowHoldingRegisterConfig[610],0
ShodowHoldingRegisterConfig[611],0
ShodowHoldingRegisterConfig[612],0
ShodowHoldingRegisterConfig[613],0
ShodowHoldingRegisterConfig[614],0
ShodowHoldingRegisterConfig[615],0
ShodowHoldingRegisterConfig[616],0
ShodowHoldingRegisterConfig[617],0
ShodowHoldingRegisterConfig[618],0
ShodowHoldingRegisterConfig[619],0
ShodowHoldingRegisterConfig[620],0
ShodowHoldingRegisterConfig[621],0
ShodowHoldingRegisterConfig[622],0
ShodowHoldingRegisterConfig[623],0
ShodowHoldingRegisterConfig[624],0
ShodowHoldingRegisterConfig[625],0
ShodowHoldingRegisterConfig[626],0
ShodowHoldingRegisterConfig[627],0
ShodowHoldingRegisterConfig[628],0
ShodowHoldingRegisterConfig[629],0
ShodowHoldingRegisterConfig[630],0
ShodowHoldingRegisterConfig[631],0
ShodowHoldingRegisterConfig[632],0
ShodowHoldingRegisterConfig[633],0
ShodowHoldingRegisterConfig[634],0
ShodowHoldingRegisterConfig[635],0
ShodowHoldingRegisterConfig[636],0
ShodowHoldingRegisterConfig[637],0
ShodowHoldingRegisterConfig[638],0
ShodowHoldingRegisterConfig[639],0
ShodowHoldingRegisterConfig[640],0
ShodowHoldingRegisterConfig[641],0
ShodowHoldingRegisterConfig[642],0
ShodowHoldingRegisterConfig[643],0
ShodowHoldingRegisterConfig[644],0
ShodowHoldingRegisterConfig[645],0
ShodowHoldingRegisterConfig[646],0
ShodowHoldingRegisterConfig[647],0
ShodowHoldingRegisterConfig[648],0
ShodowHoldingRegisterConfig[649],0
ShodowHoldingRegisterConfig[650],0
ShodowHoldingRegisterConfig[651],0
ShodowHoldingRegisterConfig[652],0
ShodowHoldingRegisterConfig[653],0
ShodowHoldingRegisterConfig[654],0
ShodowHoldingRegisterConfig[655],0
ShodowHoldingRegisterConfig[656],0
ShodowHoldingRegisterConfig[657],0
ShodowHoldingRegisterConfig[658],0
ShodowHoldingRegisterConfig[659],0
ShodowHoldingRegisterConfig[660],0
ShodowHoldingRegisterConfig[661],0
ShodowHoldingRegisterConfig[662],0
ShodowHoldingRegisterConfig[663],0
ShodowHoldingRegisterConfig[664],0
ShodowHoldingRegisterConfig[665],0
ShodowHoldingRegisterConfig[666],0
ShodowHoldingRegisterConfig[667],0
ShodowHoldingRegisterConfig[668],0
ShodowHoldingRegisterConfig[669],0
ShodowHoldingRegisterConfig[670],0
ShodowHoldingRegisterConfig[671],0
ShodowHoldingRegisterConfig[672],0
ShodowHoldingRegisterConfig[673],0
ShodowHoldingRegisterConfig[674],0
ShodowHoldingRegisterConfig[675],0
ShodowHoldingRegisterConfig[676],0
ShodowHoldingRegisterConfig[677],0
ShodowHoldingRegisterConfig[678],0
ShodowHoldingRegisterConfig[679],0
ShodowHoldingRegisterConfig[680],0
ShodowHoldingRegisterConfig[681],0
ShodowHoldingRegisterConfig[682],0
ShodowHoldingRegisterConfig[683],0
ShodowHoldingRegisterConfig[684],0
ShodowHoldingRegisterConfig[685],0
ShodowHoldingRegisterConfig[686],0
ShodowHoldingRegisterConfig[687],0
ShodowHoldingRegisterConfig[688],0
ShodowHoldingRegisterConfig[689],0
ShodowHoldingRegisterConfig[690],0
ShodowHoldingRegisterConfig[691],0
ShodowHoldingRegisterConfig[692],0
ShodowHoldingRegisterConfig[693],0
ShodowHoldingRegisterConfig[694],0
ShodowHoldingRegisterConfig[695],0
ShodowHoldingRegisterConfig[696],0
ShodowHoldingRegisterConfig[697],0
ShodowHoldingRegisterConfig[698],0
ShodowHoldingRegisterConfig[699],0
ShodowHoldingRegisterConfig[700],0
ShodowHoldingRegisterConfig[701],0
ShodowHoldingRegisterConfig[702],0
ShodowHoldingRegisterConfig[703],0
ShodowHoldingRegisterConfig[704],0
ShodowHoldingRegisterConfig[705],0
ShodowHoldingRegisterConfig[706],0
ShodowHoldingRegisterConfig[707],0
ShodowHoldingRegisterConfig[708],0
ShodowHoldingRegisterConfig[709],0
ShodowHoldingRegisterConfig[710],0
ShodowHoldingRegisterConfig[711],0
ShodowHoldingRegisterConfig[712],0
ShodowHoldingRegisterConfig[713],0
ShodowHoldingRegisterConfig[714],0
ShodowHoldingRegisterConfig[715],0
ShodowHoldingRegisterConfig[716],0
ShodowHoldingRegisterConfig[717],0
ShodowHoldingRegisterConfig[718],0
ShodowHoldingRegisterConfig[719],0
ShodowHoldingRegisterConfig[720],0
ShodowHoldingRegisterConfig[721],0
ShodowHoldingRegisterConfig[722],0
ShodowHoldingRegisterConfig[723],0
ShodowHoldingRegisterConfig[724],0
ShodowHoldingRegisterConfig[725],0
ShodowHoldingRegisterConfig[726],0
ShodowHoldingRegisterConfig[727],0
ShodowHoldingRegisterConfig[728],0
ShodowHoldingRegisterConfig[729],0
ShodowHoldingRegisterConfig[730],0
ShodowHoldingRegisterConfig[731],0
ShodowHoldingRegisterConfig[732],0
ShodowHoldingRegisterConfig[733],0
ShodowHoldingRegisterConfig[734],0
ShodowHoldingRegisterConfig[735],0
ShodowHoldingRegisterConfig[736],0
ShodowHoldingRegisterConfig[737],0
ShodowHoldingRegisterConfig[738],0
ShodowHoldingRegisterConfig[739],0
ShodowHoldingRegisterConfig[740],0
ShodowHoldingRegisterConfig[741],0
ShodowHoldingRegisterConfig[742],0
ShodowHoldingRegisterConfig[743],0
ShodowHoldingRegisterConfig[744],0
ShodowHoldingRegisterConfig[745],0
ShodowHoldingRegisterConfig[746],0
ShodowHoldingRegisterConfig[747],0
ShodowHoldingRegisterConfig[748],0
ShodowHoldingRegisterConfig[749],0
ShodowHoldingRegisterConfig[750],0
ShodowHoldingRegisterConfig[751],0
ShodowHoldingRegisterConfig[752],0
ShodowHoldingRegisterConfig[753],0
ShodowHoldingRegisterConfig[754],0
ShodowHoldingRegisterConfig[755],0
ShodowHoldingRegisterConfig[756],0
ShodowHoldingRegisterConfig[757],0
ShodowHoldingRegisterConfig[758],0
ShodowHoldingRegisterConfig[759],0
ShodowHoldingRegisterConfig[760],0
ShodowHoldingRegisterConfig[761],0
ShodowHoldingRegisterConfig[762],0
ShodowHoldingRegisterConfig[763],0
ShodowHoldingRegisterConfig[764],0
ShodowHoldingRegisterConfig[765],0
ShodowHoldingRegisterConfig[766],0
ShodowHoldingRegisterConfig[767],0
ShodowHoldingRegisterConfig[768],0
ShodowHoldingRegisterConfig[769],0
ShodowHoldingRegisterConfig[770],0
ShodowHoldingRegisterConfig[771],0
ShodowHoldingRegisterConfig[772],0
ShodowHoldingRegisterConfig[773],0
ShodowHoldingRegisterConfig[774],0
ShodowHoldingRegisterConfig[775],0
ShodowHoldingRegisterConfig[776],0
ShodowHoldingRegisterConfig[777],0
ShodowHoldingRegisterConfig[778],0
ShodowHoldingRegisterConfig[779],0
ShodowHoldingRegisterConfig[780],0
ShodowHoldingRegisterConfig[781],0
ShodowHoldingRegisterConfig[782],0
ShodowHoldingRegisterConfig[783],0
ShodowHoldingRegisterConfig[784],0
ShodowHoldingRegisterConfig[785],0
ShodowHoldingRegisterConfig[786],0
ShodowHoldingRegisterConfig[787],0
ShodowHoldingRegisterConfig[788],0
ShodowHoldingRegisterConfig[789],0
ShodowHoldingRegisterConfig[790],0
ShodowHoldingRegisterConfig[791],0
ShodowHoldingRegisterConfig[792],0
ShodowHoldingRegisterConfig[793],0
ShodowHoldingRegisterConfig[794],0
ShodowHoldingRegisterConfig[795],0
ShodowHoldingRegisterConfig[796],0
ShodowHoldingRegisterConfig[797],0
ShodowHoldingRegisterConfig[798],0
ShodowHoldingRegisterConfig[799],0
ShodowHoldingRegisterConfig[800],0
ShodowHoldingRegisterConfig[801],0
ShodowHoldingRegisterConfig[802],0
ShodowHoldingRegisterConfig[803],0
ShodowHoldingRegisterConfig[804],0
ShodowHoldingRegisterConfig[805],0
ShodowHoldingRegisterConfig[806],0
ShodowHoldingRegisterConfig[807],0
ShodowHoldingRegisterConfig[808],0
ShodowHoldingRegisterConfig[809],0
ShodowHoldingRegisterConfig[810],0
ShodowHoldingRegisterConfig[811],0
ShodowHoldingRegisterConfig[812],0
ShodowHoldingRegisterConfig[813],0
ShodowHoldingRegisterConfig[814],0
ShodowHoldingRegisterConfig[815],0
ShodowHoldingRegisterConfig[816],0
ShodowHoldingRegisterConfig[817],0
ShodowHoldingRegisterConfig[818],0
ShodowHoldingRegisterConfig[819],0
ShodowHoldingRegisterConfig[820],0
ShodowHoldingRegisterConfig[821],0
ShodowHoldingRegisterConfig[822],0
ShodowHoldingRegisterConfig[823],0
ShodowHoldingRegisterConfig[824],0
ShodowHoldingRegisterConfig[825],0
ShodowHoldingRegisterConfig[826],0
ShodowHoldingRegisterConfig[827],0
ShodowHoldingRegisterConfig[828],0
ShodowHoldingRegisterConfig[829],0
ShodowHoldingRegisterConfig[830],0
ShodowHoldingRegisterConfig[831],0
ShodowHoldingRegisterConfig[832],0
ShodowHoldingRegisterConfig[833],0
ShodowHoldingRegisterConfig[834],0
ShodowHoldingRegisterConfig[835],0
ShodowHoldingRegisterConfig[836],0
ShodowHoldingRegisterConfig[837],0
ShodowHoldingRegisterConfig[838],0
ShodowHoldingRegisterConfig[839],0
ShodowHoldingRegisterConfig[840],0
ShodowHoldingRegisterConfig[841],0
ShodowHoldingRegisterConfig[842],0
ShodowHoldingRegisterConfig[843],0
ShodowHoldingRegisterConfig[844],0
ShodowHoldingRegisterConfig[845],0
ShodowHoldingRegisterConfig[846],0
ShodowHoldingRegisterConfig[847],0
ShodowHoldingRegisterConfig[848],0
ShodowHoldingRegisterConfig[849],0
ShodowHoldingRegisterConfig[850],0
ShodowHoldingRegisterConfig[851],0
ShodowHoldingRegisterConfig[852],0
ShodowHoldingRegisterConfig[853],0
ShodowHoldingRegisterConfig[854],0
ShodowHoldingRegisterConfig[855],0
ShodowHoldingRegisterConfig[856],0
ShodowHoldingRegisterConfig[857],0
ShodowHoldingRegisterConfig[858],0
ShodowHoldingRegisterConfig[859],0
ShodowHoldingRegisterConfig[860],0
ShodowHoldingRegisterConfig[861],0
ShodowHoldingRegisterConfig[862],0
ShodowHoldingRegisterConfig[863],0
ShodowHoldingRegisterConfig[864],0
ShodowHoldingRegisterConfig[865],0
ShodowHoldingRegisterConfig[866],0
ShodowHoldingRegisterConfig[867],0
ShodowHoldingRegisterConfig[868],0
ShodowHoldingRegisterConfig[869],0
ShodowHoldingRegisterConfig[870],0
ShodowHoldingRegisterConfig[871],0
ShodowHoldingRegisterConfig[872],0
ShodowHoldingRegisterConfig[873],0
ShodowHoldingRegisterConfig[874],0
ShodowHoldingRegisterConfig[875],0
ShodowHoldingRegisterConfig[876],0
ShodowHoldingRegisterConfig[877],0
ShodowHoldingRegisterConfig[878],0
ShodowHoldingRegisterConfig[879],0
ShodowHoldingRegisterConfig[880],0
ShodowHoldingRegisterConfig[881],0
ShodowHoldingRegisterConfig[882],0
ShodowHoldingRegisterConfig[883],0
ShodowHoldingRegisterConfig[884],0
ShodowHoldingRegisterConfig[885],0
ShodowHoldingRegisterConfig[886],0
ShodowHoldingRegisterConfig[887],0
ShodowHoldingRegisterConfig[888],0
ShodowHoldingRegisterConfig[889],0
ShodowHoldingRegisterConfig[890],0
ShodowHoldingRegisterConfig[891],0
ShodowHoldingRegisterConfig[892],0
ShodowHoldingRegisterConfig[893],0
ShodowHoldingRegisterConfig[894],0
ShodowHoldingRegisterConfig[895],0
ShodowHoldingRegisterConfig[896],0
ShodowHoldingRegisterConfig[897],0
ShodowHoldingRegisterConfig[898],0
ShodowHoldingRegisterConfig[899],0
ShodowHoldingRegisterConfig[900],0
ShodowHoldingRegisterConfig[901],0
ShodowHoldingRegisterConfig[902],0
ShodowHoldingRegisterConfig[903],0
ShodowHoldingRegisterConfig[904],0
ShodowHoldingRegisterConfig[905],0
ShodowHoldingRegisterConfig[906],0
ShodowHoldingRegisterConfig[907],0
ShodowHoldingRegisterConfig[908],0
ShodowHoldingRegisterConfig[909],0
ShodowHoldingRegisterConfig[910],0
ShodowHoldingRegisterConfig[911],0
ShodowHoldingRegisterConfig[912],0
ShodowHoldingRegisterConfig[913],0
ShodowHoldingRegisterConfig[914],0
ShodowHoldingRegisterConfig[915],0
ShodowHoldingRegisterConfig[916],0
ShodowHoldingRegisterConfig[917],0
ShodowHoldingRegisterConfig[918],0
ShodowHoldingRegisterConfig[919],0
ShodowHoldingRegisterConfig[920],0
ShodowHoldingRegisterConfig[921],0
ShodowHoldingRegisterConfig[922],0
ShodowHoldingRegisterConfig[923],0
ShodowHoldingRegisterConfig[924],0
ShodowHoldingRegisterConfig[925],0
ShodowHoldingRegisterConfig[926],0
ShodowHoldingRegisterConfig[927],0
ShodowHoldingRegisterConfig[928],0
ShodowHoldingRegisterConfig[929],0
ShodowHoldingRegisterConfig[930],0
ShodowHoldingRegisterConfig[931],0
ShodowHoldingRegisterConfig[932],0
ShodowHoldingRegisterConfig[933],0
ShodowHoldingRegisterConfig[934],0
ShodowHoldingRegisterConfig[935],0
ShodowHoldingRegisterConfig[936],0
ShodowHoldingRegisterConfig[937],0
ShodowHoldingRegisterConfig[938],0
ShodowHoldingRegisterConfig[939],0
ShodowHoldingRegisterConfig[940],0
ShodowHoldingRegisterConfig[941],0
ShodowHoldingRegisterConfig[942],0
ShodowHoldingRegisterConfig[943],0
ShodowHoldingRegisterConfig[944],0
ShodowHoldingRegisterConfig[945],0
ShodowHoldingRegisterConfig[946],0
ShodowHoldingRegisterConfig[947],0
ShodowHoldingRegisterConfig[948],0
ShodowHoldingRegisterConfig[949],0
ShodowHoldingRegisterConfig[950],0
ShodowHoldingRegisterConfig[951],0
ShodowHoldingRegisterConfig[952],0
ShodowHoldingRegisterConfig[953],0
ShodowHoldingRegisterConfig[954],0
ShodowHoldingRegisterConfig[955],0
ShodowHoldingRegisterConfig[956],0
ShodowHoldingRegisterConfig[957],0
ShodowHoldingRegisterConfig[958],0
ShodowHoldingRegisterConfig[959],0
ShodowHoldingRegisterConfig[960],0
ShodowHoldingRegisterConfig[961],0
ShodowHoldingRegisterConfig[962],0
ShodowHoldingRegisterConfig[963],0
ShodowHoldingRegisterConfig[964],0
ShodowHoldingRegisterConfig[965],0
ShodowHoldingRegisterConfig[966],0
ShodowHoldingRegisterConfig[967],0
ShodowHoldingRegisterConfig[968],0
ShodowHoldingRegisterConfig[969],0
ShodowHoldingRegisterConfig[970],0
ShodowHoldingRegisterConfig[971],0
ShodowHoldingRegisterConfig[972],0
ShodowHoldingRegisterConfig[973],0
ShodowHoldingRegisterConfig[974],0
ShodowHoldingRegisterConfig[975],0
ShodowHoldingRegisterConfig[976],0
ShodowHoldingRegisterConfig[977],0
ShodowHoldingRegisterConfig[978],0
ShodowHoldingRegisterConfig[979],0
ShodowHoldingRegisterConfig[980],0
ShodowHoldingRegisterConfig[981],0
ShodowHoldingRegisterConfig[982],0
ShodowHoldingRegisterConfig[983],0
ShodowHoldingRegisterConfig[984],0
ShodowHoldingRegisterConfig[985],0
ShodowHoldingRegisterConfig[986],0
ShodowHoldingRegisterConfig[987],0
ShodowHoldingRegisterConfig[988],0
ShodowHoldingRegisterConfig[989],0
ShodowHoldingRegisterConfig[990],0
ShodowHoldingRegisterConfig[991],0
ShodowHoldingRegisterConfig[992],0
ShodowHoldingRegisterConfig[993],0
ShodowHoldingRegisterConfig[994],0
ShodowHoldingRegisterConfig[995],0
ShodowHoldingRegisterConfig[996],0
ShodowHoldingRegisterConfig[997],0
ShodowHoldingRegisterConfig[998],0
ShodowHoldingRegisterConfig[999],0
SlaveId,244
IdentifyStatus,0
DownStreamBaudrate,2000000
UpStreamDelayBetweenFrameUs,50
StreamerEnable,1
StreamerExtendedHeaderEnable,0
StreamerInternalClockIntervalMs,10
StreamerPrescaler,49
StreamerParameterIds[0],3592
StreamerParameterIds[1],3593
StreamerParameterIds[2],3594
StreamerParameterIds[3],3652
StreamerParameterIds[4],3595
StreamerParameterIds[5],3596
StreamerParameterIds[6],3597
StreamerParameterIds[7],3655
StreamerParameterIds[8],3598
StreamerParameterIds[9],3599
StreamerParameterIds[10],3600
StreamerParameterIds[11],3658
StreamerParameterIds[12],19
StreamerParameterIds[13],2943
StreamerParameterIds[14],2955
StreamerParameterIds[15],2957
StreamerParameterIds[16],2948
StreamerParameterIds[17],2286
StreamerParameterIds[18],2946
StreamerParameterIds[19],2902
StreamerParameterIds[20],65535
StreamerParameterIds[21],65535
StreamerParameterIds[22],65535
StreamerParameterIds[23],65535
StreamerParameterIds[24],65535
StreamerParameterIds[25],65535
StreamerParameterIds[26],65535
StreamerParameterIds[27],65535
StreamerParameterIds[28],65535
StreamerParameterIds[29],65535
StreamerParameterIds[30],65535
StreamerParameterIds[31],65535
StreamerParameterIds[32],65535
StreamerParameterIds[33],65535
StreamerParameterIds[34],65535
StreamerParameterIds[35],65535
StreamerParameterIds[36],65535
StreamerParameterIds[37],65535
StreamerParameterIds[38],65535
StreamerParameterIds[39],65535
StreamerParameterIds[40],65535
StreamerParameterIds[41],65535
StreamerParameterIds[42],65535
StreamerParameterIds[43],65535
StreamerParameterIds[44],65535
StreamerParameterIds[45],65535
StreamerParameterIds[46],65535
StreamerParameterIds[47],65535
StreamerParameterIds[48],65535
StreamerParameterIds[49],65535
StreamerParameterIds[50],65535
StreamerParameterIds[51],65535
StreamerParameterIds[52],65535
StreamerParameterIds[53],65535
StreamerParameterIds[54],65535
StreamerParameterIds[55],65535
StreamerParameterIds[56],65535
StreamerParameterIds[57],65535
StreamerParameterIds[58],65535
StreamerParameterIds[59],65535
StreamerParameterIds[60],65535
StreamerParameterIds[61],65535
StreamerParameterIds[62],65535
StreamerParameterIds[63],65535
StreamerParameterIds[64],65535
StreamerParameterIds[65],65535
StreamerParameterIds[66],65535
StreamerParameterIds[67],65535
StreamerParameterIds[68],65535
StreamerParameterIds[69],65535
StreamerParameterIds[70],65535
StreamerParameterIds[71],65535
StreamerParameterIds[72],65535
StreamerParameterIds[73],65535
StreamerParameterIds[74],65535
StreamerParameterIds[75],65535
StreamerParameterIds[76],65535
StreamerParameterIds[77],65535
StreamerParameterIds[78],65535
StreamerParameterIds[79],65535
StreamerParameterIds[80],65535
StreamerParameterIds[81],65535
StreamerParameterIds[82],65535
StreamerParameterIds[83],65535
StreamerParameterIds[84],65535
StreamerParameterIds[85],65535
StreamerParameterIds[86],65535
StreamerParameterIds[87],65535
StreamerParameterIds[88],65535
StreamerParameterIds[89],65535
StreamerParameterIds[90],65535
StreamerParameterIds[91],65535
StreamerParameterIds[92],65535
StreamerParameterIds[93],65535
StreamerParameterIds[94],65535
StreamerParameterIds[95],65535
StreamerParameterIds[96],65535
StreamerParameterIds[97],65535
StreamerParameterIds[98],65535
StreamerParameterIds[99],65535
StreamerParameterIds[100],65535
StreamerParameterIds[101],65535
StreamerParameterIds[102],65535
StreamerParameterIds[103],65535
StreamerParameterIds[104],65535
StreamerParameterIds[105],65535
StreamerParameterIds[106],65535
StreamerParameterIds[107],65535
StreamerParameterIds[108],65535
StreamerParameterIds[109],65535
StreamerParameterIds[110],65535
StreamerParameterIds[111],65535
StreamerParameterIds[112],65535
StreamerParameterIds[113],65535
StreamerParameterIds[114],65535
StreamerParameterIds[115],65535
StreamerParameterIds[116],65535
StreamerParameterIds[117],65535
StreamerParameterIds[118],65535
StreamerParameterIds[119],65535
StreamerParameterIds[120],65535
StreamerParameterIds[121],65535
StreamerParameterIds[122],65535
StreamerParameterIds[123],65535
StreamerParameterIds[124],65535
StreamerParameterIds[125],65535
StreamerParameterIds[126],65535
StreamerParameterIds[127],65535
StreamerParameterIds[128],65535
StreamerParameterIds[129],65535
StreamerParameterIds[130],65535
StreamerParameterIds[131],65535
StreamerParameterIds[132],65535
StreamerParameterIds[133],65535
StreamerParameterIds[134],65535
StreamerParameterIds[135],65535
StreamerParameterIds[136],65535
StreamerParameterIds[137],65535
StreamerParameterIds[138],65535
StreamerParameterIds[139],65535
StreamerParameterIds[140],65535
StreamerParameterIds[141],65535
StreamerParameterIds[142],65535
StreamerParameterIds[143],65535
StreamerParameterIds[144],65535
StreamerParameterIds[145],65535
StreamerParameterIds[146],65535
StreamerParameterIds[147],65535
StreamerParameterIds[148],65535
StreamerParameterIds[149],65535
StreamerParameterIds[150],65535
StreamerParameterIds[151],65535
StreamerParameterIds[152],65535
StreamerParameterIds[153],65535
StreamerParameterIds[154],65535
StreamerParameterIds[155],65535
StreamerParameterIds[156],65535
StreamerParameterIds[157],65535
StreamerParameterIds[158],65535
StreamerParameterIds[159],65535
StreamerParameterIds[160],65535
StreamerParameterIds[161],65535
StreamerParameterIds[162],65535
StreamerParameterIds[163],65535
StreamerParameterIds[164],65535
StreamerParameterIds[165],65535
StreamerParameterIds[166],65535
StreamerParameterIds[167],65535
StreamerParameterIds[168],65535
StreamerParameterIds[169],65535
StreamerParameterIds[170],65535
StreamerParameterIds[171],65535
StreamerParameterIds[172],65535
StreamerParameterIds[173],65535
StreamerParameterIds[174],65535
StreamerParameterIds[175],65535
StreamerParameterIds[176],65535
StreamerParameterIds[177],65535
StreamerParameterIds[178],65535
StreamerParameterIds[179],65535
StreamerParameterIds[180],65535
StreamerParameterIds[181],65535
StreamerParameterIds[182],65535
StreamerParameterIds[183],65535
StreamerParameterIds[184],65535
StreamerParameterIds[185],65535
StreamerParameterIds[186],65535
StreamerParameterIds[187],65535
StreamerParameterIds[188],65535
StreamerParameterIds[189],65535
StreamerParameterIds[190],65535
StreamerParameterIds[191],65535
StreamerParameterIds[192],65535
StreamerParameterIds[193],65535
StreamerParameterIds[194],65535
StreamerParameterIds[195],65535
StreamerParameterIds[196],65535
StreamerParameterIds[197],65535
StreamerParameterIds[198],65535
StreamerParameterIds[199],65535
BoardStartupDelayMs,50
BoardStartupRetryQty,3
BoardStartupRetryDelayMs,50
Bmi088GyroArray_ReadTimeoutUs,350
Bmi088Gyro_Setting[0].Range,1
Bmi088Gyro_Setting[0].OdrBw,130
Bmi088Gyro_Setting[0].Enable,0
Bmi088Gyro_Setting[1].Range,1
Bmi088Gyro_Setting[1].OdrBw,130
Bmi088Gyro_Setting[1].Enable,0
Bmi088Gyro_Setting[2].Range,1
Bmi088Gyro_Setting[2].OdrBw,130
Bmi088Gyro_Setting[2].Enable,0
Bmi088Gyro_Setting[3].Range,1
Bmi088Gyro_Setting[3].OdrBw,130
Bmi088Gyro_Setting[3].Enable,0
Bmi088Gyro_Setting[4].Range,1
Bmi088Gyro_Setting[4].OdrBw,130
Bmi088Gyro_Setting[4].Enable,0
Bmi088Gyro_Setting[5].Range,1
Bmi088Gyro_Setting[5].OdrBw,130
Bmi088Gyro_Setting[5].Enable,0
Bmi088Gyro_Setting[6].Range,1
Bmi088Gyro_Setting[6].OdrBw,130
Bmi088Gyro_Setting[6].Enable,0
Bmi088Gyro_Setting[7].Range,1
Bmi088Gyro_Setting[7].OdrBw,130
Bmi088Gyro_Setting[7].Enable,0
Bmi088Gyro_Setting[8].Range,1
Bmi088Gyro_Setting[8].OdrBw,130
Bmi088Gyro_Setting[8].Enable,0
Bmi088Gyro_Setting[9].Range,1
Bmi088Gyro_Setting[9].OdrBw,130
Bmi088Gyro_Setting[9].Enable,0
Bmi088Gyro_Setting[10].Range,1
Bmi088Gyro_Setting[10].OdrBw,130
Bmi088Gyro_Setting[10].Enable,0
Bmi088Gyro_Setting[11].Range,1
Bmi088Gyro_Setting[11].OdrBw,130
Bmi088Gyro_Setting[11].Enable,0
Bmi088Acc_Setting[0].Range,2
Bmi088Acc_Setting[0].OdrBw,172
Bmi088Acc_Setting[0].Enable,0
Bmi088Acc_Setting[1].Range,2
Bmi088Acc_Setting[1].OdrBw,172
Bmi088Acc_Setting[1].Enable,0
Bmi088Acc_Setting[2].Range,2
Bmi088Acc_Setting[2].OdrBw,172
Bmi088Acc_Setting[2].Enable,0
Bmi088Acc_Setting[3].Range,2
Bmi088Acc_Setting[3].OdrBw,172
Bmi088Acc_Setting[3].Enable,0
Bmi088Acc_Setting[4].Range,2
Bmi088Acc_Setting[4].OdrBw,172
Bmi088Acc_Setting[4].Enable,0
Bmi088Acc_Setting[5].Range,2
Bmi088Acc_Setting[5].OdrBw,172
Bmi088Acc_Setting[5].Enable,0
Bmi088Acc_Setting[6].Range,2
Bmi088Acc_Setting[6].OdrBw,172
Bmi088Acc_Setting[6].Enable,0
Bmi088Acc_Setting[7].Range,2
Bmi088Acc_Setting[7].OdrBw,172
Bmi088Acc_Setting[7].Enable,0
Bmi088Acc_Setting[8].Range,2
Bmi088Acc_Setting[8].OdrBw,172
Bmi088Acc_Setting[8].Enable,0
Bmi088Acc_Setting[9].Range,2
Bmi088Acc_Setting[9].OdrBw,172
Bmi088Acc_Setting[9].Enable,0
Bmi088Acc_Setting[10].Range,2
Bmi088Acc_Setting[10].OdrBw,172
Bmi088Acc_Setting[10].Enable,0
Bmi088Acc_Setting[11].Range,2
Bmi088Acc_Setting[11].OdrBw,172
Bmi088Acc_Setting[11].Enable,0
Adxl357_Setting[0].Range,1
Adxl357_Setting[0].Odr,2
Adxl357_Setting[0].Enable,1
Adxl357_Setting[1].Range,1
Adxl357_Setting[1].Odr,2
Adxl357_Setting[1].Enable,1
Adxl357_Setting[2].Range,1
Adxl357_Setting[2].Odr,2
Adxl357_Setting[2].Enable,1
H3_Setting[0].Range,0
H3_Setting[0].Odr,3
H3_Setting[0].Enable,0
H3_Setting[1].Range,0
H3_Setting[1].Odr,3
H3_Setting[1].Enable,0
H3_Setting[2].Range,0
H3_Setting[2].Odr,3
H3_Setting[2].Enable,0
H3_Setting[3].Range,0
H3_Setting[3].Odr,3
H3_Setting[3].Enable,0
H3_Setting[4].Range,0
H3_Setting[4].Odr,3
H3_Setting[4].Enable,0
SyncMode,0
DataReadyPin,0
DataReadyPolarity,0
SyncPin,0
SyncPolarity,0
SyncMaxAllowedJitterUs,10
LedsEnable,0
SpiSlaveSetting.PageId,0
SpiSlaveSetting.FunctionIoControl,0
SpiSlaveSetting.FilterBank0,0
SpiSlaveSetting.FilterBank1,0
SpiSlaveSetting.GlobCmd,0
SpiSlaveSetting.TempScaleLimit,177
SpiSlaveSetting.TempOffset,25
SpiSlaveSetting.TempSaturationLimit,100
SpiSlaveSetting.Gyro1ScaleLimit,3276536
SpiSlaveSetting.Gyro1SaturationLimit,500
SpiSlaveSetting.Gyro2ScaleLimit,3276536
SpiSlaveSetting.Gyro2SaturationLimit,500
SpiSlaveSetting.Acc1ScaleLimit,81900082
SpiSlaveSetting.Acc1SaturationLimit,20
SpiSlaveSetting.Acc2ScaleLimit,81900082
SpiSlaveSetting.Acc2SaturationLimit,20
MainLoopProfilerSetting.IntervalTimeNominalUs,1000
MainLoopProfilerSetting.IntervalTimeMaxAllowedJitterUs,0
CalcFreqHz,1000
FilterSetting.Gyro_0_X_FilterType,0
FilterSetting.Gyro_0_Y_FilterType,0
FilterSetting.Gyro_0_Z_FilterType,0
FilterSetting.Gyro_1_X_FilterType,0
FilterSetting.Gyro_1_Y_FilterType,0
FilterSetting.Gyro_1_Z_FilterType,0
FilterSetting.Acc_0_X_FilterType,0
FilterSetting.Acc_0_Y_FilterType,0
FilterSetting.Acc_0_Z_FilterType,0
FilterSetting.Acc_1_X_FilterType,0
FilterSetting.Acc_1_Y_FilterType,0
FilterSetting.Acc_1_Z_FilterType,0
FilterSetting.SensorDecimationRate,49
FilterSetting.OutputDecimationRate,0
Acc1ChipSource,0
Acc2ChipSource,0
FactoryGyroCalibCoef[0].Gxy,0
FactoryGyroCalibCoef[0].Gxz,0
FactoryGyroCalibCoef[0].Gyx,0
FactoryGyroCalibCoef[0].Gyz,0
FactoryGyroCalibCoef[0].Gzx,0
FactoryGyroCalibCoef[0].Gzy,0
FactoryGyroCalibCoef[0].Sx,1
FactoryGyroCalibCoef[0].Sy,1
FactoryGyroCalibCoef[0].Sz,1
FactoryGyroCalibCoef[0].Bx,0
FactoryGyroCalibCoef[0].By,0
FactoryGyroCalibCoef[0].Bz,0
FactoryGyroCalibCoef[1].Gxy,0
FactoryGyroCalibCoef[1].Gxz,0
FactoryGyroCalibCoef[1].Gyx,0
FactoryGyroCalibCoef[1].Gyz,0
FactoryGyroCalibCoef[1].Gzx,0
FactoryGyroCalibCoef[1].Gzy,0
FactoryGyroCalibCoef[1].Sx,1
FactoryGyroCalibCoef[1].Sy,1
FactoryGyroCalibCoef[1].Sz,1
FactoryGyroCalibCoef[1].Bx,0
FactoryGyroCalibCoef[1].By,0
FactoryGyroCalibCoef[1].Bz,0
FactoryAccCalibCoef[0].Gxy,0
FactoryAccCalibCoef[0].Gxz,0
FactoryAccCalibCoef[0].Gyx,0
FactoryAccCalibCoef[0].Gyz,0
FactoryAccCalibCoef[0].Gzx,0
FactoryAccCalibCoef[0].Gzy,0
FactoryAccCalibCoef[0].Sx,1
FactoryAccCalibCoef[0].Sy,1
FactoryAccCalibCoef[0].Sz,1
FactoryAccCalibCoef[0].Bx,0
FactoryAccCalibCoef[0].By,0
FactoryAccCalibCoef[0].Bz,0
FactoryAccCalibCoef[1].Gxy,0
FactoryAccCalibCoef[1].Gxz,0
FactoryAccCalibCoef[1].Gyx,0
FactoryAccCalibCoef[1].Gyz,0
FactoryAccCalibCoef[1].Gzx,0
FactoryAccCalibCoef[1].Gzy,0
FactoryAccCalibCoef[1].Sx,1
FactoryAccCalibCoef[1].Sy,1
FactoryAccCalibCoef[1].Sz,1
FactoryAccCalibCoef[1].Bx,0
FactoryAccCalibCoef[1].By,0
FactoryAccCalibCoef[1].Bz,0
GyroCalibCoef[0].Gxy,0
GyroCalibCoef[0].Gxz,0
GyroCalibCoef[0].Gyx,0
GyroCalibCoef[0].Gyz,0
GyroCalibCoef[0].Gzx,0
GyroCalibCoef[0].Gzy,0
GyroCalibCoef[0].Sx,1
GyroCalibCoef[0].Sy,1
GyroCalibCoef[0].Sz,1
GyroCalibCoef[0].Bx,0
GyroCalibCoef[0].By,0
GyroCalibCoef[0].Bz,0
GyroCalibCoef[1].Gxy,0
GyroCalibCoef[1].Gxz,0
GyroCalibCoef[1].Gyx,0
GyroCalibCoef[1].Gyz,0
GyroCalibCoef[1].Gzx,0
GyroCalibCoef[1].Gzy,0
GyroCalibCoef[1].Sx,1
GyroCalibCoef[1].Sy,1
GyroCalibCoef[1].Sz,1
GyroCalibCoef[1].Bx,0
GyroCalibCoef[1].By,0
GyroCalibCoef[1].Bz,0
AccCalibCoef[0].Gxy,0
AccCalibCoef[0].Gxz,0
AccCalibCoef[0].Gyx,0
AccCalibCoef[0].Gyz,0
AccCalibCoef[0].Gzx,0
AccCalibCoef[0].Gzy,0
AccCalibCoef[0].Sx,1
AccCalibCoef[0].Sy,1
AccCalibCoef[0].Sz,1
AccCalibCoef[0].Bx,0
AccCalibCoef[0].By,0
AccCalibCoef[0].Bz,0
AccCalibCoef[1].Gxy,0
AccCalibCoef[1].Gxz,0
AccCalibCoef[1].Gyx,0
AccCalibCoef[1].Gyz,0
AccCalibCoef[1].Gzx,0
AccCalibCoef[1].Gzy,0
AccCalibCoef[1].Sx,1
AccCalibCoef[1].Sy,1
AccCalibCoef[1].Sz,1
AccCalibCoef[1].Bx,0
AccCalibCoef[1].By,0
AccCalibCoef[1].Bz,0
RotationAngleRadian[0],0
RotationAngleRadian[1],0
RotationAngleRadian[2],0
RotationTuneRadian[0],0
RotationTuneRadian[1],0
RotationTuneRadian[2],0
SensorGyroEnable[0],0
SensorGyroEnable[1],0
SensorGyroEnable[2],0
SensorGyroEnable[3],0
SensorGyroEnable[4],0
SensorGyroEnable[5],0
SensorGyroEnable[6],0
SensorGyroEnable[7],0
SensorGyroEnable[8],0
SensorGyroEnable[9],0
SensorGyroEnable[10],0
SensorGyroEnable[11],0
SensorGyroEnable[12],0
SensorGyroEnable[13],0
SensorGyroEnable[14],0
SensorGyroEnable[15],0
SensorGyroEnable[16],0
SensorGyroEnable[17],0
SensorGyroEnable[18],0
SensorGyroEnable[19],0
SensorGyroI32_Range,500
SensorGyroTemperatureI16_Range,100
SensorAccEnable[0],0
SensorAccEnable[1],0
SensorAccEnable[2],0
SensorAccEnable[3],0
SensorAccEnable[4],0
SensorAccEnable[5],0
SensorAccEnable[6],0
SensorAccEnable[7],0
SensorAccEnable[8],0
SensorAccEnable[9],0
SensorAccEnable[10],0
SensorAccEnable[11],0
SensorAccEnable[12],0
SensorAccEnable[13],0
SensorAccEnable[14],0
SensorAccEnable[15],0
SensorAccEnable[16],0
SensorAccEnable[17],0
SensorAccEnable[18],0
SensorAccEnable[19],0
SensorAccI32_Range,10
SensorAccTemperatureI16_Range,100
SensorCalibCoefBankQty,0
SensorCalibCoefBank[0],0
SensorCalibCoefBank[1],0
SensorCalibCoefBank[2],0
SensorCalibCoefBank[3],0
SensorCalibCoefBank[4],1
SensorCalibCoefBank[5],0
SensorCalibCoefBank[6],0
SensorCalibCoefBank[7],0
SensorCalibCoefBank[8],0
SensorCalibCoefBank[9],1
SensorCalibCoefBank[10],0
SensorCalibCoefBank[11],0
SensorCalibCoefBank[12],0
SensorCalibCoefBank[13],0
SensorCalibCoefBank[14],1
SensorCalibCoefBank[15],0
SensorCalibCoefBank[16],0
SensorCalibCoefBank[17],0
SensorCalibCoefBank[18],0
SensorCalibCoefBank[19],0
SensorCalibCoefBank[20],0
SensorCalibCoefBank[21],0
SensorCalibCoefBank[22],0
SensorCalibCoefBank[23],0
SensorCalibCoefBank[24],0
SensorCalibCoefBank[25],0
SensorCalibCoefBank[26],0
SensorCalibCoefBank[27],0
SensorCalibCoefBank[28],0
SensorCalibCoefBank[29],0
SensorCalibCoefBank[30],0
SensorCalibCoefBank[31],0
SensorCalibCoefBank[32],0
SensorCalibCoefBank[33],0
SensorCalibCoefBank[34],0
SensorCalibCoefBank[35],0
SensorCalibCoefBank[36],0
SensorCalibCoefBank[37],0
SensorCalibCoefBank[38],0
SensorCalibCoefBank[39],0
SensorCalibCoefBank[40],0
SensorCalibCoefBank[41],0
SensorCalibCoefBank[42],0
SensorCalibCoefBank[43],0
SensorCalibCoefBank[44],0
SensorCalibCoefBank[45],0
SensorCalibCoefBank[46],0
SensorCalibCoefBank[47],0
SensorCalibCoefBank[48],1
SensorCalibCoefBank[49],0
SensorCalibCoefBank[50],0
SensorCalibCoefBank[51],0
SensorCalibCoefBank[52],1
SensorCalibCoefBank[53],0
SensorCalibCoefBank[54],0
SensorCalibCoefBank[55],0
SensorCalibCoefBank[56],1
SensorCalibCoefBank[57],0
SensorCalibCoefBank[58],0
SensorCalibCoefBank[59],0
SensorCalibCoefBank[60],0
SensorCalibCoefBank[61],1
SensorCalibCoefBank[62],0
SensorCalibCoefBank[63],0
SensorCalibCoefBank[64],0
SensorCalibCoefBank[65],0
SensorCalibCoefBank[66],1
SensorCalibCoefBank[67],0
SensorCalibCoefBank[68],0
SensorCalibCoefBank[69],0
SensorCalibCoefBank[70],0
SensorCalibCoefBank[71],1
SensorCalibCoefBank[72],0
SensorCalibCoefBank[73],0
SensorCalibCoefBank[74],0
SensorCalibCoefBank[75],0
SensorCalibCoefBank[76],0
SensorCalibCoefBank[77],0
SensorCalibCoefBank[78],0
SensorCalibCoefBank[79],0
SensorCalibCoefBank[80],0
SensorCalibCoefBank[81],0
SensorCalibCoefBank[82],0
SensorCalibCoefBank[83],0
SensorCalibCoefBank[84],0
SensorCalibCoefBank[85],0
SensorCalibCoefBank[86],0
SensorCalibCoefBank[87],0
SensorCalibCoefBank[88],0
SensorCalibCoefBank[89],0
SensorCalibCoefBank[90],0
SensorCalibCoefBank[91],0
SensorCalibCoefBank[92],0
SensorCalibCoefBank[93],0
SensorCalibCoefBank[94],0
SensorCalibCoefBank[95],0
SensorCalibCoefBank[96],0
SensorCalibCoefBank[97],0
SensorCalibCoefBank[98],0
SensorCalibCoefBank[99],0
SensorCalibCoefBank[100],0
SensorCalibCoefBank[101],0
SensorCalibCoefBank[102],0
SensorCalibCoefBank[103],0
SensorCalibCoefBank[104],0
SensorCalibCoefBank[105],1
SensorCalibCoefBank[106],0
SensorCalibCoefBank[107],0
SensorCalibCoefBank[108],0
SensorCalibCoefBank[109],1
SensorCalibCoefBank[110],0
SensorCalibCoefBank[111],0
SensorCalibCoefBank[112],0
SensorCalibCoefBank[113],1
SensorCalibCoefBank[114],0
SensorCalibCoefBank[115],0
SensorCalibCoefBank[116],0
SensorCalibCoefBank[117],0
SensorCalibCoefBank[118],1
SensorCalibCoefBank[119],0
SensorCalibCoefBank[120],0
SensorCalibCoefBank[121],0
SensorCalibCoefBank[122],0
SensorCalibCoefBank[123],1
SensorCalibCoefBank[124],0
SensorCalibCoefBank[125],0
SensorCalibCoefBank[126],0
SensorCalibCoefBank[127],0
SensorCalibCoefBank[128],1
SensorCalibCoefBank[129],0
SensorCalibCoefBank[130],0
SensorCalibCoefBank[131],0
SensorCalibCoefBank[132],0
SensorCalibCoefBank[133],0
SensorCalibCoefBank[134],0
SensorCalibCoefBank[135],0
SensorCalibCoefBank[136],0
SensorCalibCoefBank[137],0
SensorCalibCoefBank[138],0
SensorCalibCoefBank[139],0
SensorCalibCoefBank[140],0
SensorCalibCoefBank[141],0
SensorCalibCoefBank[142],0
SensorCalibCoefBank[143],0
SensorCalibCoefBank[144],0
SensorCalibCoefBank[145],0
SensorCalibCoefBank[146],0
SensorCalibCoefBank[147],0
SensorCalibCoefBank[148],0
SensorCalibCoefBank[149],0
SensorCalibCoefBank[150],0
SensorCalibCoefBank[151],0
SensorCalibCoefBank[152],0
SensorCalibCoefBank[153],0
SensorCalibCoefBank[154],0
SensorCalibCoefBank[155],0
SensorCalibCoefBank[156],0
SensorCalibCoefBank[157],0
SensorCalibCoefBank[158],0
SensorCalibCoefBank[159],0
SensorCalibCoefBank[160],0
SensorCalibCoefBank[161],0
SensorCalibCoefBank[162],1
SensorCalibCoefBank[163],0
SensorCalibCoefBank[164],0
SensorCalibCoefBank[165],0
SensorCalibCoefBank[166],1
SensorCalibCoefBank[167],0
SensorCalibCoefBank[168],0
SensorCalibCoefBank[169],0
SensorCalibCoefBank[170],1
SensorCalibCoefBank[171],0
SensorCalibCoefBank[172],0
SensorCalibCoefBank[173],0
SensorCalibCoefBank[174],0
SensorCalibCoefBank[175],1
SensorCalibCoefBank[176],0
SensorCalibCoefBank[177],0
SensorCalibCoefBank[178],0
SensorCalibCoefBank[179],0
SensorCalibCoefBank[180],1
SensorCalibCoefBank[181],0
SensorCalibCoefBank[182],0
SensorCalibCoefBank[183],0
SensorCalibCoefBank[184],0
SensorCalibCoefBank[185],1
SensorCalibCoefBank[186],0
SensorCalibCoefBank[187],0
SensorCalibCoefBank[188],0
SensorCalibCoefBank[189],0
SensorCalibCoefBank[190],0
SensorCalibCoefBank[191],0
SensorCalibCoefBank[192],0
SensorCalibCoefBank[193],0
SensorCalibCoefBank[194],0
SensorCalibCoefBank[195],0
SensorCalibCoefBank[196],0
SensorCalibCoefBank[197],0
SensorCalibCoefBank[198],0
SensorCalibCoefBank[199],0
SensorCalibCoefBank[200],0
SensorCalibCoefBank[201],0
SensorCalibCoefBank[202],0
SensorCalibCoefBank[203],0
SensorCalibCoefBank[204],0
SensorCalibCoefBank[205],0
SensorCalibCoefBank[206],0
SensorCalibCoefBank[207],0
SensorCalibCoefBank[208],0
SensorCalibCoefBank[209],0
SensorCalibCoefBank[210],0
SensorCalibCoefBank[211],0
SensorCalibCoefBank[212],0
SensorCalibCoefBank[213],0
SensorCalibCoefBank[214],0
SensorCalibCoefBank[215],0
SensorCalibCoefBank[216],0
SensorCalibCoefBank[217],0
SensorCalibCoefBank[218],0
SensorCalibCoefBank[219],1
SensorCalibCoefBank[220],0
SensorCalibCoefBank[221],0
SensorCalibCoefBank[222],0
SensorCalibCoefBank[223],1
SensorCalibCoefBank[224],0
SensorCalibCoefBank[225],0
SensorCalibCoefBank[226],0
SensorCalibCoefBank[227],1
SensorCalibCoefBank[228],0
SensorCalibCoefBank[229],0
SensorCalibCoefBank[230],0
SensorCalibCoefBank[231],0
SensorCalibCoefBank[232],1
SensorCalibCoefBank[233],0
SensorCalibCoefBank[234],0
SensorCalibCoefBank[235],0
SensorCalibCoefBank[236],0
SensorCalibCoefBank[237],1
SensorCalibCoefBank[238],0
SensorCalibCoefBank[239],0
SensorCalibCoefBank[240],0
SensorCalibCoefBank[241],0
SensorCalibCoefBank[242],1
SensorCalibCoefBank[243],0
SensorCalibCoefBank[244],0
SensorCalibCoefBank[245],0
SensorCalibCoefBank[246],0
SensorCalibCoefBank[247],0
SensorCalibCoefBank[248],0
SensorCalibCoefBank[249],0
SensorCalibCoefBank[250],0
SensorCalibCoefBank[251],0
SensorCalibCoefBank[252],0
SensorCalibCoefBank[253],0
SensorCalibCoefBank[254],0
SensorCalibCoefBank[255],0
SensorCalibCoefBank[256],0
SensorCalibCoefBank[257],0
SensorCalibCoefBank[258],0
SensorCalibCoefBank[259],0
SensorCalibCoefBank[260],0
SensorCalibCoefBank[261],0
SensorCalibCoefBank[262],0
SensorCalibCoefBank[263],0
SensorCalibCoefBank[264],0
SensorCalibCoefBank[265],0
SensorCalibCoefBank[266],0
SensorCalibCoefBank[267],0
SensorCalibCoefBank[268],0
SensorCalibCoefBank[269],0
SensorCalibCoefBank[270],0
SensorCalibCoefBank[271],0
SensorCalibCoefBank[272],0
SensorCalibCoefBank[273],0
SensorCalibCoefBank[274],0
SensorCalibCoefBank[275],0
SensorCalibCoefBank[276],1
SensorCalibCoefBank[277],0
SensorCalibCoefBank[278],0
SensorCalibCoefBank[279],0
SensorCalibCoefBank[280],1
SensorCalibCoefBank[281],0
SensorCalibCoefBank[282],0
SensorCalibCoefBank[283],0
SensorCalibCoefBank[284],1
SensorCalibCoefBank[285],0
SensorCalibCoefBank[286],0
SensorCalibCoefBank[287],0
SensorCalibCoefBank[288],0
SensorCalibCoefBank[289],1
SensorCalibCoefBank[290],0
SensorCalibCoefBank[291],0
SensorCalibCoefBank[292],0
SensorCalibCoefBank[293],0
SensorCalibCoefBank[294],1
SensorCalibCoefBank[295],0
SensorCalibCoefBank[296],0
SensorCalibCoefBank[297],0
SensorCalibCoefBank[298],0
SensorCalibCoefBank[299],1
SensorCalibCoefBank[300],0
SensorCalibCoefBank[301],0
SensorCalibCoefBank[302],0
SensorCalibCoefBank[303],0
SensorCalibCoefBank[304],0
SensorCalibCoefBank[305],0
SensorCalibCoefBank[306],0
SensorCalibCoefBank[307],0
SensorCalibCoefBank[308],0
SensorCalibCoefBank[309],0
SensorCalibCoefBank[310],0
SensorCalibCoefBank[311],0
SensorCalibCoefBank[312],0
SensorCalibCoefBank[313],0
SensorCalibCoefBank[314],0
SensorCalibCoefBank[315],0
SensorCalibCoefBank[316],0
SensorCalibCoefBank[317],0
SensorCalibCoefBank[318],0
SensorCalibCoefBank[319],0
SensorCalibCoefBank[320],0
SensorCalibCoefBank[321],0
SensorCalibCoefBank[322],0
SensorCalibCoefBank[323],0
SensorCalibCoefBank[324],0
SensorCalibCoefBank[325],0
SensorCalibCoefBank[326],0
SensorCalibCoefBank[327],0
SensorCalibCoefBank[328],0
SensorCalibCoefBank[329],0
SensorCalibCoefBank[330],0
SensorCalibCoefBank[331],0
SensorCalibCoefBank[332],0
SensorCalibCoefBank[333],1
SensorCalibCoefBank[334],0
SensorCalibCoefBank[335],0
SensorCalibCoefBank[336],0
SensorCalibCoefBank[337],1
SensorCalibCoefBank[338],0
SensorCalibCoefBank[339],0
SensorCalibCoefBank[340],0
SensorCalibCoefBank[341],1
SensorCalibCoefBank[342],0
SensorCalibCoefBank[343],0
SensorCalibCoefBank[344],0
SensorCalibCoefBank[345],0
SensorCalibCoefBank[346],1
SensorCalibCoefBank[347],0
SensorCalibCoefBank[348],0
SensorCalibCoefBank[349],0
SensorCalibCoefBank[350],0
SensorCalibCoefBank[351],1
SensorCalibCoefBank[352],0
SensorCalibCoefBank[353],0
SensorCalibCoefBank[354],0
SensorCalibCoefBank[355],0
SensorCalibCoefBank[356],1
SensorCalibCoefBank[357],0
SensorCalibCoefBank[358],0
SensorCalibCoefBank[359],0
SensorCalibCoefBank[360],0
SensorCalibCoefBank[361],0
SensorCalibCoefBank[362],0
SensorCalibCoefBank[363],0
SensorCalibCoefBank[364],0
SensorCalibCoefBank[365],0
SensorCalibCoefBank[366],0
SensorCalibCoefBank[367],0
SensorCalibCoefBank[368],0
SensorCalibCoefBank[369],0
SensorCalibCoefBank[370],0
SensorCalibCoefBank[371],0
SensorCalibCoefBank[372],0
SensorCalibCoefBank[373],0
SensorCalibCoefBank[374],0
SensorCalibCoefBank[375],0
SensorCalibCoefBank[376],0
SensorCalibCoefBank[377],0
SensorCalibCoefBank[378],0
SensorCalibCoefBank[379],0
SensorCalibCoefBank[380],0
SensorCalibCoefBank[381],0
SensorCalibCoefBank[382],0
SensorCalibCoefBank[383],0
SensorCalibCoefBank[384],0
SensorCalibCoefBank[385],0
SensorCalibCoefBank[386],0
SensorCalibCoefBank[387],0
SensorCalibCoefBank[388],0
SensorCalibCoefBank[389],0
SensorCalibCoefBank[390],1
SensorCalibCoefBank[391],0
SensorCalibCoefBank[392],0
SensorCalibCoefBank[393],0
SensorCalibCoefBank[394],1
SensorCalibCoefBank[395],0
SensorCalibCoefBank[396],0
SensorCalibCoefBank[397],0
SensorCalibCoefBank[398],1
SensorCalibCoefBank[399],0
SensorCalibCoefBank[400],0
SensorCalibCoefBank[401],0
SensorCalibCoefBank[402],0
SensorCalibCoefBank[403],1
SensorCalibCoefBank[404],0
SensorCalibCoefBank[405],0
SensorCalibCoefBank[406],0
SensorCalibCoefBank[407],0
SensorCalibCoefBank[408],1
SensorCalibCoefBank[409],0
SensorCalibCoefBank[410],0
SensorCalibCoefBank[411],0
SensorCalibCoefBank[412],0
SensorCalibCoefBank[413],1
SensorCalibCoefBank[414],0
SensorCalibCoefBank[415],0
SensorCalibCoefBank[416],0
SensorCalibCoefBank[417],0
SensorCalibCoefBank[418],0
SensorCalibCoefBank[419],0
SensorCalibCoefBank[420],0
SensorCalibCoefBank[421],0
SensorCalibCoefBank[422],0
SensorCalibCoefBank[423],0
SensorCalibCoefBank[424],0
SensorCalibCoefBank[425],0
SensorCalibCoefBank[426],0
SensorCalibCoefBank[427],0
SensorCalibCoefBank[428],0
SensorCalibCoefBank[429],0
SensorCalibCoefBank[430],0
SensorCalibCoefBank[431],0
SensorCalibCoefBank[432],0
SensorCalibCoefBank[433],0
SensorCalibCoefBank[434],0
SensorCalibCoefBank[435],0
SensorCalibCoefBank[436],0
SensorCalibCoefBank[437],0
SensorCalibCoefBank[438],0
SensorCalibCoefBank[439],0
SensorCalibCoefBank[440],0
SensorCalibCoefBank[441],0
SensorCalibCoefBank[442],0
SensorCalibCoefBank[443],0
SensorCalibCoefBank[444],0
SensorCalibCoefBank[445],0
SensorCalibCoefBank[446],0
SensorCalibCoefBank[447],1
SensorCalibCoefBank[448],0
SensorCalibCoefBank[449],0
SensorCalibCoefBank[450],0
SensorCalibCoefBank[451],1
SensorCalibCoefBank[452],0
SensorCalibCoefBank[453],0
SensorCalibCoefBank[454],0
SensorCalibCoefBank[455],1
SensorCalibCoefBank[456],0
SensorCalibCoefBank[457],0
SensorCalibCoefBank[458],0
SensorCalibCoefBank[459],0
SensorCalibCoefBank[460],1
SensorCalibCoefBank[461],0
SensorCalibCoefBank[462],0
SensorCalibCoefBank[463],0
SensorCalibCoefBank[464],0
SensorCalibCoefBank[465],1
SensorCalibCoefBank[466],0
SensorCalibCoefBank[467],0
SensorCalibCoefBank[468],0
SensorCalibCoefBank[469],0
SensorCalibCoefBank[470],1
SensorCalibCoefBank[471],0
SensorCalibCoefBank[472],0
SensorCalibCoefBank[473],0
SensorCalibCoefBank[474],0
SensorCalibCoefBank[475],0
SensorCalibCoefBank[476],0
SensorCalibCoefBank[477],0
SensorCalibCoefBank[478],0
SensorCalibCoefBank[479],0
SensorCalibCoefBank[480],0
SensorCalibCoefBank[481],0
SensorCalibCoefBank[482],0
SensorCalibCoefBank[483],0
SensorCalibCoefBank[484],0
SensorCalibCoefBank[485],0
SensorCalibCoefBank[486],0
SensorCalibCoefBank[487],0
SensorCalibCoefBank[488],0
SensorCalibCoefBank[489],0
SensorCalibCoefBank[490],0
SensorCalibCoefBank[491],0
SensorCalibCoefBank[492],0
SensorCalibCoefBank[493],0
SensorCalibCoefBank[494],0
SensorCalibCoefBank[495],0
SensorCalibCoefBank[496],0
SensorCalibCoefBank[497],0
SensorCalibCoefBank[498],0
SensorCalibCoefBank[499],0
SensorCalibCoefBank[500],0
SensorCalibCoefBank[501],0
SensorCalibCoefBank[502],0
SensorCalibCoefBank[503],0
SensorCalibCoefBank[504],1
SensorCalibCoefBank[505],0
SensorCalibCoefBank[506],0
SensorCalibCoefBank[507],0
SensorCalibCoefBank[508],1
SensorCalibCoefBank[509],0
SensorCalibCoefBank[510],0
SensorCalibCoefBank[511],0
SensorCalibCoefBank[512],1
SensorCalibCoefBank[513],0
SensorCalibCoefBank[514],0
SensorCalibCoefBank[515],0
SensorCalibCoefBank[516],0
SensorCalibCoefBank[517],1
SensorCalibCoefBank[518],0
SensorCalibCoefBank[519],0
SensorCalibCoefBank[520],0
SensorCalibCoefBank[521],0
SensorCalibCoefBank[522],1
SensorCalibCoefBank[523],0
SensorCalibCoefBank[524],0
SensorCalibCoefBank[525],0
SensorCalibCoefBank[526],0
SensorCalibCoefBank[527],1
SensorCalibCoefBank[528],0
SensorCalibCoefBank[529],0
SensorCalibCoefBank[530],0
SensorCalibCoefBank[531],0
SensorCalibCoefBank[532],0
SensorCalibCoefBank[533],0
SensorCalibCoefBank[534],0
SensorCalibCoefBank[535],0
SensorCalibCoefBank[536],0
SensorCalibCoefBank[537],0
SensorCalibCoefBank[538],0
SensorCalibCoefBank[539],0
SensorCalibCoefBank[540],0
SensorCalibCoefBank[541],0
SensorCalibCoefBank[542],0
SensorCalibCoefBank[543],0
SensorCalibCoefBank[544],0
SensorCalibCoefBank[545],0
SensorCalibCoefBank[546],0
SensorCalibCoefBank[547],0
SensorCalibCoefBank[548],0
SensorCalibCoefBank[549],0
SensorCalibCoefBank[550],0
SensorCalibCoefBank[551],0
SensorCalibCoefBank[552],0
SensorCalibCoefBank[553],0
SensorCalibCoefBank[554],0
SensorCalibCoefBank[555],0
SensorCalibCoefBank[556],0
SensorCalibCoefBank[557],0
SensorCalibCoefBank[558],0
SensorCalibCoefBank[559],0
SensorCalibCoefBank[560],0
SensorCalibCoefBank[561],1
SensorCalibCoefBank[562],0
SensorCalibCoefBank[563],0
SensorCalibCoefBank[564],0
SensorCalibCoefBank[565],1
SensorCalibCoefBank[566],0
SensorCalibCoefBank[567],0
SensorCalibCoefBank[568],0
SensorCalibCoefBank[569],1
SensorCalibCoefBank[570],0
SensorCalibCoefBank[571],0
SensorCalibCoefBank[572],0
SensorCalibCoefBank[573],0
SensorCalibCoefBank[574],1
SensorCalibCoefBank[575],0
SensorCalibCoefBank[576],0
SensorCalibCoefBank[577],0
SensorCalibCoefBank[578],0
SensorCalibCoefBank[579],1
SensorCalibCoefBank[580],0
SensorCalibCoefBank[581],0
SensorCalibCoefBank[582],0
SensorCalibCoefBank[583],0
SensorCalibCoefBank[584],1
SensorCalibCoefBank[585],0
SensorCalibCoefBank[586],0
SensorCalibCoefBank[587],0
SensorCalibCoefBank[588],0
SensorCalibCoefBank[589],0
SensorCalibCoefBank[590],0
SensorCalibCoefBank[591],0
SensorCalibCoefBank[592],0
SensorCalibCoefBank[593],0
SensorCalibCoefBank[594],0
SensorCalibCoefBank[595],0
SensorCalibCoefBank[596],0
SensorCalibCoefBank[597],0
SensorCalibCoefBank[598],0
SensorCalibCoefBank[599],0
SensorCalibCoefBank[600],0
SensorCalibCoefBank[601],0
SensorCalibCoefBank[602],0
SensorCalibCoefBank[603],0
SensorCalibCoefBank[604],0
SensorCalibCoefBank[605],0
SensorCalibCoefBank[606],0
SensorCalibCoefBank[607],0
SensorCalibCoefBank[608],0
SensorCalibCoefBank[609],0
SensorCalibCoefBank[610],0
SensorCalibCoefBank[611],0
SensorCalibCoefBank[612],0
SensorCalibCoefBank[613],0
SensorCalibCoefBank[614],0
SensorCalibCoefBank[615],0
SensorCalibCoefBank[616],0
SensorCalibCoefBank[617],0
SensorCalibCoefBank[618],1
SensorCalibCoefBank[619],0
SensorCalibCoefBank[620],0
SensorCalibCoefBank[621],0
SensorCalibCoefBank[622],1
SensorCalibCoefBank[623],0
SensorCalibCoefBank[624],0
SensorCalibCoefBank[625],0
SensorCalibCoefBank[626],1
SensorCalibCoefBank[627],0
SensorCalibCoefBank[628],0
SensorCalibCoefBank[629],0
SensorCalibCoefBank[630],0
SensorCalibCoefBank[631],1
SensorCalibCoefBank[632],0
SensorCalibCoefBank[633],0
SensorCalibCoefBank[634],0
SensorCalibCoefBank[635],0
SensorCalibCoefBank[636],1
SensorCalibCoefBank[637],0
SensorCalibCoefBank[638],0
SensorCalibCoefBank[639],0
SensorCalibCoefBank[640],0
SensorCalibCoefBank[641],1
SensorCalibCoefBank[642],0
SensorCalibCoefBank[643],0
SensorCalibCoefBank[644],0
SensorCalibCoefBank[645],0
SensorCalibCoefBank[646],0
SensorCalibCoefBank[647],0
SensorCalibCoefBank[648],0
SensorCalibCoefBank[649],0
SensorCalibCoefBank[650],0
SensorCalibCoefBank[651],0
SensorCalibCoefBank[652],0
SensorCalibCoefBank[653],0
SensorCalibCoefBank[654],0
SensorCalibCoefBank[655],0
SensorCalibCoefBank[656],0
SensorCalibCoefBank[657],0
SensorCalibCoefBank[658],0
SensorCalibCoefBank[659],0
SensorCalibCoefBank[660],0
SensorCalibCoefBank[661],0
SensorCalibCoefBank[662],0
SensorCalibCoefBank[663],0
SensorCalibCoefBank[664],0
SensorCalibCoefBank[665],0
SensorCalibCoefBank[666],0
SensorCalibCoefBank[667],0
SensorCalibCoefBank[668],0
SensorCalibCoefBank[669],0
SensorCalibCoefBank[670],0
SensorCalibCoefBank[671],0
SensorCalibCoefBank[672],0
SensorCalibCoefBank[673],0
SensorCalibCoefBank[674],0
SensorCalibCoefBank[675],1
SensorCalibCoefBank[676],0
SensorCalibCoefBank[677],0
SensorCalibCoefBank[678],0
SensorCalibCoefBank[679],1
SensorCalibCoefBank[680],0
SensorCalibCoefBank[681],0
SensorCalibCoefBank[682],0
SensorCalibCoefBank[683],1
SensorCalibCoefBank[684],0
SensorCalibCoefBank[685],0
SensorCalibCoefBank[686],0
SensorCalibCoefBank[687],0
SensorCalibCoefBank[688],1
SensorCalibCoefBank[689],0
SensorCalibCoefBank[690],0
SensorCalibCoefBank[691],0
SensorCalibCoefBank[692],0
SensorCalibCoefBank[693],1
SensorCalibCoefBank[694],0
SensorCalibCoefBank[695],0
SensorCalibCoefBank[696],0
SensorCalibCoefBank[697],0
SensorCalibCoefBank[698],1
SensorCalibCoefBank[699],0
SensorCalibCoefBank[700],0
SensorCalibCoefBank[701],0
SensorCalibCoefBank[702],0
SensorCalibCoefBank[703],0
SensorCalibCoefBank[704],0
SensorCalibCoefBank[705],0
SensorCalibCoefBank[706],0
SensorCalibCoefBank[707],0
SensorCalibCoefBank[708],0
SensorCalibCoefBank[709],0
SensorCalibCoefBank[710],0
SensorCalibCoefBank[711],0
SensorCalibCoefBank[712],0
SensorCalibCoefBank[713],0
SensorCalibCoefBank[714],0
SensorCalibCoefBank[715],0
SensorCalibCoefBank[716],0
SensorCalibCoefBank[717],0
SensorCalibCoefBank[718],0
SensorCalibCoefBank[719],0
SensorCalibCoefBank[720],0
SensorCalibCoefBank[721],0
SensorCalibCoefBank[722],0
SensorCalibCoefBank[723],0
SensorCalibCoefBank[724],0
SensorCalibCoefBank[725],0
SensorCalibCoefBank[726],0
SensorCalibCoefBank[727],0
SensorCalibCoefBank[728],0
SensorCalibCoefBank[729],0
SensorCalibCoefBank[730],0
SensorCalibCoefBank[731],0
SensorCalibCoefBank[732],1
SensorCalibCoefBank[733],0
SensorCalibCoefBank[734],0
SensorCalibCoefBank[735],0
SensorCalibCoefBank[736],1
SensorCalibCoefBank[737],0
SensorCalibCoefBank[738],0
SensorCalibCoefBank[739],0
SensorCalibCoefBank[740],1
SensorCalibCoefBank[741],0
SensorCalibCoefBank[742],0
SensorCalibCoefBank[743],0
SensorCalibCoefBank[744],0
SensorCalibCoefBank[745],1
SensorCalibCoefBank[746],0
SensorCalibCoefBank[747],0
SensorCalibCoefBank[748],0
SensorCalibCoefBank[749],0
SensorCalibCoefBank[750],1
SensorCalibCoefBank[751],0
SensorCalibCoefBank[752],0
SensorCalibCoefBank[753],0
SensorCalibCoefBank[754],0
SensorCalibCoefBank[755],1
SensorCalibCoefBank[756],0
SensorCalibCoefBank[757],0
SensorCalibCoefBank[758],0
SensorCalibCoefBank[759],0
SensorCalibCoefBank[760],0
SensorCalibCoefBank[761],0
SensorCalibCoefBank[762],0
SensorCalibCoefBank[763],0
SensorCalibCoefBank[764],0
SensorCalibCoefBank[765],0
SensorCalibCoefBank[766],0
SensorCalibCoefBank[767],0
SensorCalibCoefBank[768],0
SensorCalibCoefBank[769],0
SensorCalibCoefBank[770],0
SensorCalibCoefBank[771],0
SensorCalibCoefBank[772],0
SensorCalibCoefBank[773],0
SensorCalibCoefBank[774],0
SensorCalibCoefBank[775],0
SensorCalibCoefBank[776],0
SensorCalibCoefBank[777],0
SensorCalibCoefBank[778],0
SensorCalibCoefBank[779],0
SensorCalibCoefBank[780],0
SensorCalibCoefBank[781],0
SensorCalibCoefBank[782],0
SensorCalibCoefBank[783],0
SensorCalibCoefBank[784],0
SensorCalibCoefBank[785],0
SensorCalibCoefBank[786],0
SensorCalibCoefBank[787],0
SensorCalibCoefBank[788],0
SensorCalibCoefBank[789],1
SensorCalibCoefBank[790],0
SensorCalibCoefBank[791],0
SensorCalibCoefBank[792],0
SensorCalibCoefBank[793],1
SensorCalibCoefBank[794],0
SensorCalibCoefBank[795],0
SensorCalibCoefBank[796],0
SensorCalibCoefBank[797],1
SensorCalibCoefBank[798],0
SensorCalibCoefBank[799],0
SensorCalibCoefBank[800],0
SensorCalibCoefBank[801],0
SensorCalibCoefBank[802],1
SensorCalibCoefBank[803],0
SensorCalibCoefBank[804],0
SensorCalibCoefBank[805],0
SensorCalibCoefBank[806],0
SensorCalibCoefBank[807],1
SensorCalibCoefBank[808],0
SensorCalibCoefBank[809],0
SensorCalibCoefBank[810],0
SensorCalibCoefBank[811],0
SensorCalibCoefBank[812],1
SensorCalibCoefBank[813],0
SensorCalibCoefBank[814],0
SensorCalibCoefBank[815],0
SensorCalibCoefBank[816],0
SensorCalibCoefBank[817],0
SensorCalibCoefBank[818],0
SensorCalibCoefBank[819],0
SensorCalibCoefBank[820],0
SensorCalibCoefBank[821],0
SensorCalibCoefBank[822],0
SensorCalibCoefBank[823],0
SensorCalibCoefBank[824],0
SensorCalibCoefBank[825],0
SensorCalibCoefBank[826],0
SensorCalibCoefBank[827],0
SensorCalibCoefBank[828],0
SensorCalibCoefBank[829],0
SensorCalibCoefBank[830],0
SensorCalibCoefBank[831],0
SensorCalibCoefBank[832],0
SensorCalibCoefBank[833],0
SensorCalibCoefBank[834],0
SensorCalibCoefBank[835],0
SensorCalibCoefBank[836],0
SensorCalibCoefBank[837],0
SensorCalibCoefBank[838],0
SensorCalibCoefBank[839],0
SensorCalibCoefBank[840],0
SensorCalibCoefBank[841],0
SensorCalibCoefBank[842],0
SensorCalibCoefBank[843],0
SensorCalibCoefBank[844],0
SensorCalibCoefBank[845],0
SensorCalibCoefBank[846],1
SensorCalibCoefBank[847],0
SensorCalibCoefBank[848],0
SensorCalibCoefBank[849],0
SensorCalibCoefBank[850],1
SensorCalibCoefBank[851],0
SensorCalibCoefBank[852],0
SensorCalibCoefBank[853],0
SensorCalibCoefBank[854],1
SensorCalibCoefBank[855],0
SensorCalibCoefBank[856],0
SensorCalibCoefBank[857],0
SensorCalibCoefBank[858],0
SensorCalibCoefBank[859],1
SensorCalibCoefBank[860],0
SensorCalibCoefBank[861],0
SensorCalibCoefBank[862],0
SensorCalibCoefBank[863],0
SensorCalibCoefBank[864],1
SensorCalibCoefBank[865],0
SensorCalibCoefBank[866],0
SensorCalibCoefBank[867],0
SensorCalibCoefBank[868],0
SensorCalibCoefBank[869],1
SensorCalibCoefBank[870],0
SensorCalibCoefBank[871],0
SensorCalibCoefBank[872],0
SensorCalibCoefBank[873],0
SensorCalibCoefBank[874],0
SensorCalibCoefBank[875],0
SensorCalibCoefBank[876],0
SensorCalibCoefBank[877],0
SensorCalibCoefBank[878],0
SensorCalibCoefBank[879],0
SensorCalibCoefBank[880],0
SensorCalibCoefBank[881],0
SensorCalibCoefBank[882],0
SensorCalibCoefBank[883],0
SensorCalibCoefBank[884],0
SensorCalibCoefBank[885],0
SensorCalibCoefBank[886],0
SensorCalibCoefBank[887],0
SensorCalibCoefBank[888],0
SensorCalibCoefBank[889],0
SensorCalibCoefBank[890],0
SensorCalibCoefBank[891],0
SensorCalibCoefBank[892],0
SensorCalibCoefBank[893],0
SensorCalibCoefBank[894],0
SensorCalibCoefBank[895],0
SensorCalibCoefBank[896],0
SensorCalibCoefBank[897],0
SensorCalibCoefBank[898],0
SensorCalibCoefBank[899],0
SensorCalibCoefBank[900],0
SensorCalibCoefBank[901],0
SensorCalibCoefBank[902],0
SensorCalibCoefBank[903],1
SensorCalibCoefBank[904],0
SensorCalibCoefBank[905],0
SensorCalibCoefBank[906],0
SensorCalibCoefBank[907],1
SensorCalibCoefBank[908],0
SensorCalibCoefBank[909],0
SensorCalibCoefBank[910],0
SensorCalibCoefBank[911],1
SensorCalibCoefBank[912],0
SensorCalibCoefBank[913],0
SensorCalibCoefBank[914],0
SensorCalibCoefBank[915],0
SensorCalibCoefBank[916],1
SensorCalibCoefBank[917],0
SensorCalibCoefBank[918],0
SensorCalibCoefBank[919],0
SensorCalibCoefBank[920],0
SensorCalibCoefBank[921],1
SensorCalibCoefBank[922],0
SensorCalibCoefBank[923],0
SensorCalibCoefBank[924],0
SensorCalibCoefBank[925],0
SensorCalibCoefBank[926],1
SensorCalibCoefBank[927],0
SensorCalibCoefBank[928],0
SensorCalibCoefBank[929],0
SensorCalibCoefBank[930],0
SensorCalibCoefBank[931],0
SensorCalibCoefBank[932],0
SensorCalibCoefBank[933],0
SensorCalibCoefBank[934],0
SensorCalibCoefBank[935],0
SensorCalibCoefBank[936],0
SensorCalibCoefBank[937],0
SensorCalibCoefBank[938],0
SensorCalibCoefBank[939],0
SensorCalibCoefBank[940],0
SensorCalibCoefBank[941],0
SensorCalibCoefBank[942],0
SensorCalibCoefBank[943],0
SensorCalibCoefBank[944],0
SensorCalibCoefBank[945],0
SensorCalibCoefBank[946],0
SensorCalibCoefBank[947],0
SensorCalibCoefBank[948],0
SensorCalibCoefBank[949],0
SensorCalibCoefBank[950],0
SensorCalibCoefBank[951],0
SensorCalibCoefBank[952],0
SensorCalibCoefBank[953],0
SensorCalibCoefBank[954],0
SensorCalibCoefBank[955],0
SensorCalibCoefBank[956],0
SensorCalibCoefBank[957],0
SensorCalibCoefBank[958],0
SensorCalibCoefBank[959],0
SensorCalibCoefBank[960],1
SensorCalibCoefBank[961],0
SensorCalibCoefBank[962],0
SensorCalibCoefBank[963],0
SensorCalibCoefBank[964],1
SensorCalibCoefBank[965],0
SensorCalibCoefBank[966],0
SensorCalibCoefBank[967],0
SensorCalibCoefBank[968],1
SensorCalibCoefBank[969],0
SensorCalibCoefBank[970],0
SensorCalibCoefBank[971],0
SensorCalibCoefBank[972],0
SensorCalibCoefBank[973],1
SensorCalibCoefBank[974],0
SensorCalibCoefBank[975],0
SensorCalibCoefBank[976],0
SensorCalibCoefBank[977],0
SensorCalibCoefBank[978],1
SensorCalibCoefBank[979],0
SensorCalibCoefBank[980],0
SensorCalibCoefBank[981],0
SensorCalibCoefBank[982],0
SensorCalibCoefBank[983],1
SensorCalibCoefBank[984],0
SensorCalibCoefBank[985],0
SensorCalibCoefBank[986],0
SensorCalibCoefBank[987],0
SensorCalibCoefBank[988],0
SensorCalibCoefBank[989],0
SensorCalibCoefBank[990],0
SensorCalibCoefBank[991],0
SensorCalibCoefBank[992],0
SensorCalibCoefBank[993],0
SensorCalibCoefBank[994],0
SensorCalibCoefBank[995],0
SensorCalibCoefBank[996],0
SensorCalibCoefBank[997],0
SensorCalibCoefBank[998],0
SensorCalibCoefBank[999],0
SensorCalibCoefBank[1000],0
SensorCalibCoefBank[1001],0
SensorCalibCoefBank[1002],0
SensorCalibCoefBank[1003],0
SensorCalibCoefBank[1004],0
SensorCalibCoefBank[1005],0
SensorCalibCoefBank[1006],0
SensorCalibCoefBank[1007],0
SensorCalibCoefBank[1008],0
SensorCalibCoefBank[1009],0
SensorCalibCoefBank[1010],0
SensorCalibCoefBank[1011],0
SensorCalibCoefBank[1012],0
SensorCalibCoefBank[1013],0
SensorCalibCoefBank[1014],0
SensorCalibCoefBank[1015],0
SensorCalibCoefBank[1016],0
SensorCalibCoefBank[1017],1
SensorCalibCoefBank[1018],0
SensorCalibCoefBank[1019],0
SensorCalibCoefBank[1020],0
SensorCalibCoefBank[1021],1
SensorCalibCoefBank[1022],0
SensorCalibCoefBank[1023],0
SensorCalibCoefBank[1024],0
SensorCalibCoefBank[1025],1
SensorCalibCoefBank[1026],0
SensorCalibCoefBank[1027],0
SensorCalibCoefBank[1028],0
SensorCalibCoefBank[1029],0
SensorCalibCoefBank[1030],1
SensorCalibCoefBank[1031],0
SensorCalibCoefBank[1032],0
SensorCalibCoefBank[1033],0
SensorCalibCoefBank[1034],0
SensorCalibCoefBank[1035],1
SensorCalibCoefBank[1036],0
SensorCalibCoefBank[1037],0
SensorCalibCoefBank[1038],0
SensorCalibCoefBank[1039],0
SensorCalibCoefBank[1040],1
SensorCalibCoefBank[1041],0
SensorCalibCoefBank[1042],0
SensorCalibCoefBank[1043],0
SensorCalibCoefBank[1044],0
SensorCalibCoefBank[1045],0
SensorCalibCoefBank[1046],0
SensorCalibCoefBank[1047],0
SensorCalibCoefBank[1048],0
SensorCalibCoefBank[1049],0
SensorCalibCoefBank[1050],0
SensorCalibCoefBank[1051],0
SensorCalibCoefBank[1052],0
SensorCalibCoefBank[1053],0
SensorCalibCoefBank[1054],0
SensorCalibCoefBank[1055],0
SensorCalibCoefBank[1056],0
SensorCalibCoefBank[1057],0
SensorCalibCoefBank[1058],0
SensorCalibCoefBank[1059],0
SensorCalibCoefBank[1060],0
SensorCalibCoefBank[1061],0
SensorCalibCoefBank[1062],0
SensorCalibCoefBank[1063],0
SensorCalibCoefBank[1064],0
SensorCalibCoefBank[1065],0
SensorCalibCoefBank[1066],0
SensorCalibCoefBank[1067],0
SensorCalibCoefBank[1068],0
SensorCalibCoefBank[1069],0
SensorCalibCoefBank[1070],0
SensorCalibCoefBank[1071],0
SensorCalibCoefBank[1072],0
SensorCalibCoefBank[1073],0
SensorCalibCoefBank[1074],1
SensorCalibCoefBank[1075],0
SensorCalibCoefBank[1076],0
SensorCalibCoefBank[1077],0
SensorCalibCoefBank[1078],1
SensorCalibCoefBank[1079],0
SensorCalibCoefBank[1080],0
SensorCalibCoefBank[1081],0
SensorCalibCoefBank[1082],1
SensorCalibCoefBank[1083],0
SensorCalibCoefBank[1084],0
SensorCalibCoefBank[1085],0
SensorCalibCoefBank[1086],0
SensorCalibCoefBank[1087],1
SensorCalibCoefBank[1088],0
SensorCalibCoefBank[1089],0
SensorCalibCoefBank[1090],0
SensorCalibCoefBank[1091],0
SensorCalibCoefBank[1092],1
SensorCalibCoefBank[1093],0
SensorCalibCoefBank[1094],0
SensorCalibCoefBank[1095],0
SensorCalibCoefBank[1096],0
SensorCalibCoefBank[1097],1
SensorCalibCoefBank[1098],0
SensorCalibCoefBank[1099],0
SensorCalibCoefBank[1100],0
SensorCalibCoefBank[1101],0
SensorCalibCoefBank[1102],0
SensorCalibCoefBank[1103],0
SensorCalibCoefBank[1104],0
SensorCalibCoefBank[1105],0
SensorCalibCoefBank[1106],0
SensorCalibCoefBank[1107],0
SensorCalibCoefBank[1108],0
SensorCalibCoefBank[1109],0
SensorCalibCoefBank[1110],0
SensorCalibCoefBank[1111],0
SensorCalibCoefBank[1112],0
SensorCalibCoefBank[1113],0
SensorCalibCoefBank[1114],0
SensorCalibCoefBank[1115],0
SensorCalibCoefBank[1116],0
SensorCalibCoefBank[1117],0
SensorCalibCoefBank[1118],0
SensorCalibCoefBank[1119],0
SensorCalibCoefBank[1120],0
SensorCalibCoefBank[1121],0
SensorCalibCoefBank[1122],0
SensorCalibCoefBank[1123],0
SensorCalibCoefBank[1124],0
SensorCalibCoefBank[1125],0
SensorCalibCoefBank[1126],0
SensorCalibCoefBank[1127],0
SensorCalibCoefBank[1128],0
SensorCalibCoefBank[1129],0
SensorCalibCoefBank[1130],0
SensorCalibCoefBank[1131],1
SensorCalibCoefBank[1132],0
SensorCalibCoefBank[1133],0
SensorCalibCoefBank[1134],0
SensorCalibCoefBank[1135],1
SensorCalibCoefBank[1136],0
SensorCalibCoefBank[1137],0
SensorCalibCoefBank[1138],0
SensorCalibCoefBank[1139],1
SensorCalibCoefBank[1140],0
SensorCalibCoefBank[1141],0
SensorCalibCoefBank[1142],0
SensorCalibCoefBank[1143],0
SensorCalibCoefBank[1144],1
SensorCalibCoefBank[1145],0
SensorCalibCoefBank[1146],0
SensorCalibCoefBank[1147],0
SensorCalibCoefBank[1148],0
SensorCalibCoefBank[1149],1
SensorCalibCoefBank[1150],0
SensorCalibCoefBank[1151],0
SensorCalibCoefBank[1152],0
SensorCalibCoefBank[1153],0
SensorCalibCoefBank[1154],1
SensorCalibCoefBank[1155],0
SensorCalibCoefBank[1156],0
SensorCalibCoefBank[1157],0
SensorCalibCoefBank[1158],0
SensorCalibCoefBank[1159],0
SensorCalibCoefBank[1160],0
SensorCalibCoefBank[1161],0
SensorCalibCoefBank[1162],0
SensorCalibCoefBank[1163],0
SensorCalibCoefBank[1164],0
SensorCalibCoefBank[1165],0
SensorCalibCoefBank[1166],0
SensorCalibCoefBank[1167],0
SensorCalibCoefBank[1168],0
SensorCalibCoefBank[1169],0
SensorCalibCoefBank[1170],0
SensorCalibCoefBank[1171],0
SensorCalibCoefBank[1172],0
SensorCalibCoefBank[1173],0
SensorCalibCoefBank[1174],0
SensorCalibCoefBank[1175],0
SensorCalibCoefBank[1176],0
SensorCalibCoefBank[1177],0
SensorCalibCoefBank[1178],0
SensorCalibCoefBank[1179],0
SensorCalibCoefBank[1180],0
SensorCalibCoefBank[1181],0
SensorCalibCoefBank[1182],0
SensorCalibCoefBank[1183],0
SensorCalibCoefBank[1184],0
SensorCalibCoefBank[1185],0
SensorCalibCoefBank[1186],0
SensorCalibCoefBank[1187],0
SensorCalibCoefBank[1188],1
SensorCalibCoefBank[1189],0
SensorCalibCoefBank[1190],0
SensorCalibCoefBank[1191],0
SensorCalibCoefBank[1192],1
SensorCalibCoefBank[1193],0
SensorCalibCoefBank[1194],0
SensorCalibCoefBank[1195],0
SensorCalibCoefBank[1196],1
SensorCalibCoefBank[1197],0
SensorCalibCoefBank[1198],0
SensorCalibCoefBank[1199],0
SensorCalibCoefBank[1200],0
SensorCalibCoefBank[1201],1
SensorCalibCoefBank[1202],0
SensorCalibCoefBank[1203],0
SensorCalibCoefBank[1204],0
SensorCalibCoefBank[1205],0
SensorCalibCoefBank[1206],1
SensorCalibCoefBank[1207],0
SensorCalibCoefBank[1208],0
SensorCalibCoefBank[1209],0
SensorCalibCoefBank[1210],0
SensorCalibCoefBank[1211],1
SensorCalibCoefBank[1212],0
SensorCalibCoefBank[1213],0
SensorCalibCoefBank[1214],0
SensorCalibCoefBank[1215],0
SensorCalibCoefBank[1216],0
SensorCalibCoefBank[1217],0
SensorCalibCoefBank[1218],0
SensorCalibCoefBank[1219],0
SensorCalibCoefBank[1220],0
SensorCalibCoefBank[1221],0
SensorCalibCoefBank[1222],0
SensorCalibCoefBank[1223],0
SensorCalibCoefBank[1224],0
SensorCalibCoefBank[1225],0
SensorCalibCoefBank[1226],0
SensorCalibCoefBank[1227],0
SensorCalibCoefBank[1228],0
SensorCalibCoefBank[1229],0
SensorCalibCoefBank[1230],0
SensorCalibCoefBank[1231],0
SensorCalibCoefBank[1232],0
SensorCalibCoefBank[1233],0
SensorCalibCoefBank[1234],0
SensorCalibCoefBank[1235],0
SensorCalibCoefBank[1236],0
SensorCalibCoefBank[1237],0
SensorCalibCoefBank[1238],0
SensorCalibCoefBank[1239],0
SensorCalibCoefBank[1240],0
SensorCalibCoefBank[1241],0
SensorCalibCoefBank[1242],0
SensorCalibCoefBank[1243],0
SensorCalibCoefBank[1244],0
SensorCalibCoefBank[1245],1
SensorCalibCoefBank[1246],0
SensorCalibCoefBank[1247],0
SensorCalibCoefBank[1248],0
SensorCalibCoefBank[1249],1
SensorCalibCoefBank[1250],0
SensorCalibCoefBank[1251],0
SensorCalibCoefBank[1252],0
SensorCalibCoefBank[1253],1
SensorCalibCoefBank[1254],0
SensorCalibCoefBank[1255],0
SensorCalibCoefBank[1256],0
SensorCalibCoefBank[1257],0
SensorCalibCoefBank[1258],1
SensorCalibCoefBank[1259],0
SensorCalibCoefBank[1260],0
SensorCalibCoefBank[1261],0
SensorCalibCoefBank[1262],0
SensorCalibCoefBank[1263],1
SensorCalibCoefBank[1264],0
SensorCalibCoefBank[1265],0
SensorCalibCoefBank[1266],0
SensorCalibCoefBank[1267],0
SensorCalibCoefBank[1268],1
SensorCalibCoefBank[1269],0
SensorCalibCoefBank[1270],0
SensorCalibCoefBank[1271],0
SensorCalibCoefBank[1272],0
SensorCalibCoefBank[1273],0
SensorCalibCoefBank[1274],0
SensorCalibCoefBank[1275],0
SensorCalibCoefBank[1276],0
SensorCalibCoefBank[1277],0
SensorCalibCoefBank[1278],0
SensorCalibCoefBank[1279],0
SensorCalibCoefBank[1280],0
SensorCalibCoefBank[1281],0
SensorCalibCoefBank[1282],0
SensorCalibCoefBank[1283],0
SensorCalibCoefBank[1284],0
SensorCalibCoefBank[1285],0
SensorCalibCoefBank[1286],0
SensorCalibCoefBank[1287],0
SensorCalibCoefBank[1288],0
SensorCalibCoefBank[1289],0
SensorCalibCoefBank[1290],0
SensorCalibCoefBank[1291],0
SensorCalibCoefBank[1292],0
SensorCalibCoefBank[1293],0
SensorCalibCoefBank[1294],0
SensorCalibCoefBank[1295],0
SensorCalibCoefBank[1296],0
SensorCalibCoefBank[1297],0
SensorCalibCoefBank[1298],0
SensorCalibCoefBank[1299],0
SensorCalibCoefBank[1300],0
SensorCalibCoefBank[1301],0
SensorCalibCoefBank[1302],1
SensorCalibCoefBank[1303],0
SensorCalibCoefBank[1304],0
SensorCalibCoefBank[1305],0
SensorCalibCoefBank[1306],1
SensorCalibCoefBank[1307],0
SensorCalibCoefBank[1308],0
SensorCalibCoefBank[1309],0
SensorCalibCoefBank[1310],1
SensorCalibCoefBank[1311],0
SensorCalibCoefBank[1312],0
SensorCalibCoefBank[1313],0
SensorCalibCoefBank[1314],0
SensorCalibCoefBank[1315],1
SensorCalibCoefBank[1316],0
SensorCalibCoefBank[1317],0
SensorCalibCoefBank[1318],0
SensorCalibCoefBank[1319],0
SensorCalibCoefBank[1320],1
SensorCalibCoefBank[1321],0
SensorCalibCoefBank[1322],0
SensorCalibCoefBank[1323],0
SensorCalibCoefBank[1324],0
SensorCalibCoefBank[1325],1
SensorCalibCoefBank[1326],0
SensorCalibCoefBank[1327],0
SensorCalibCoefBank[1328],0
SensorCalibCoefBank[1329],0
SensorCalibCoefBank[1330],0
SensorCalibCoefBank[1331],0
SensorCalibCoefBank[1332],0
SensorCalibCoefBank[1333],0
SensorCalibCoefBank[1334],0
SensorCalibCoefBank[1335],0
SensorCalibCoefBank[1336],0
SensorCalibCoefBank[1337],0
SensorCalibCoefBank[1338],0
SensorCalibCoefBank[1339],0
SensorCalibCoefBank[1340],0
SensorCalibCoefBank[1341],0
SensorCalibCoefBank[1342],0
SensorCalibCoefBank[1343],0
SensorCalibCoefBank[1344],0
SensorCalibCoefBank[1345],0
SensorCalibCoefBank[1346],0
SensorCalibCoefBank[1347],0
SensorCalibCoefBank[1348],0
SensorCalibCoefBank[1349],0
SensorCalibCoefBank[1350],0
SensorCalibCoefBank[1351],0
SensorCalibCoefBank[1352],0
SensorCalibCoefBank[1353],0
SensorCalibCoefBank[1354],0
SensorCalibCoefBank[1355],0
SensorCalibCoefBank[1356],0
SensorCalibCoefBank[1357],0
SensorCalibCoefBank[1358],0
SensorCalibCoefBank[1359],1
SensorCalibCoefBank[1360],0
SensorCalibCoefBank[1361],0
SensorCalibCoefBank[1362],0
SensorCalibCoefBank[1363],1
SensorCalibCoefBank[1364],0
SensorCalibCoefBank[1365],0
SensorCalibCoefBank[1366],0
SensorCalibCoefBank[1367],1
SensorCalibCoefBank[1368],0
SensorCalibCoefBank[1369],0
SensorCalibCoefBank[1370],0
SensorCalibCoefBank[1371],0
SensorCalibCoefBank[1372],1
SensorCalibCoefBank[1373],0
SensorCalibCoefBank[1374],0
SensorCalibCoefBank[1375],0
SensorCalibCoefBank[1376],0
SensorCalibCoefBank[1377],1
SensorCalibCoefBank[1378],0
SensorCalibCoefBank[1379],0
SensorCalibCoefBank[1380],0
SensorCalibCoefBank[1381],0
SensorCalibCoefBank[1382],1
SensorCalibCoefBank[1383],0
SensorCalibCoefBank[1384],0
SensorCalibCoefBank[1385],0
SensorCalibCoefBank[1386],0
SensorCalibCoefBank[1387],0
SensorCalibCoefBank[1388],0
SensorCalibCoefBank[1389],0
SensorCalibCoefBank[1390],0
SensorCalibCoefBank[1391],0
SensorCalibCoefBank[1392],0
SensorCalibCoefBank[1393],0
SensorCalibCoefBank[1394],0
SensorCalibCoefBank[1395],0
SensorCalibCoefBank[1396],0
SensorCalibCoefBank[1397],0
SensorCalibCoefBank[1398],0
SensorCalibCoefBank[1399],0
SensorCalibCoefBank[1400],0
SensorCalibCoefBank[1401],0
SensorCalibCoefBank[1402],0
SensorCalibCoefBank[1403],0
SensorCalibCoefBank[1404],0
SensorCalibCoefBank[1405],0
SensorCalibCoefBank[1406],0
SensorCalibCoefBank[1407],0
SensorCalibCoefBank[1408],0
SensorCalibCoefBank[1409],0
SensorCalibCoefBank[1410],0
SensorCalibCoefBank[1411],0
SensorCalibCoefBank[1412],0
SensorCalibCoefBank[1413],0
SensorCalibCoefBank[1414],0
SensorCalibCoefBank[1415],0
SensorCalibCoefBank[1416],1
SensorCalibCoefBank[1417],0
SensorCalibCoefBank[1418],0
SensorCalibCoefBank[1419],0
SensorCalibCoefBank[1420],1
SensorCalibCoefBank[1421],0
SensorCalibCoefBank[1422],0
SensorCalibCoefBank[1423],0
SensorCalibCoefBank[1424],1
SensorCalibCoefBank[1425],0
SensorCalibCoefBank[1426],0
SensorCalibCoefBank[1427],0
SensorCalibCoefBank[1428],0
SensorCalibCoefBank[1429],1
SensorCalibCoefBank[1430],0
SensorCalibCoefBank[1431],0
SensorCalibCoefBank[1432],0
SensorCalibCoefBank[1433],0
SensorCalibCoefBank[1434],1
SensorCalibCoefBank[1435],0
SensorCalibCoefBank[1436],0
SensorCalibCoefBank[1437],0
SensorCalibCoefBank[1438],0
SensorCalibCoefBank[1439],1
SensorCalibCoefBank[1440],0
SensorCalibCoefBank[1441],0
SensorCalibCoefBank[1442],0
SensorCalibCoefBank[1443],0
SensorCalibCoefBank[1444],0
SensorCalibCoefBank[1445],0
SensorCalibCoefBank[1446],0
SensorCalibCoefBank[1447],0
SensorCalibCoefBank[1448],0
SensorCalibCoefBank[1449],0
SensorCalibCoefBank[1450],0
SensorCalibCoefBank[1451],0
SensorCalibCoefBank[1452],0
SensorCalibCoefBank[1453],0
SensorCalibCoefBank[1454],0
SensorCalibCoefBank[1455],0
SensorCalibCoefBank[1456],0
SensorCalibCoefBank[1457],0
SensorCalibCoefBank[1458],0
SensorCalibCoefBank[1459],0
SensorCalibCoefBank[1460],0
SensorCalibCoefBank[1461],0
SensorCalibCoefBank[1462],0
SensorCalibCoefBank[1463],0
SensorCalibCoefBank[1464],0
SensorCalibCoefBank[1465],0
SensorCalibCoefBank[1466],0
SensorCalibCoefBank[1467],0
SensorCalibCoefBank[1468],0
SensorCalibCoefBank[1469],0
SensorCalibCoefBank[1470],0
SensorCalibCoefBank[1471],0
SensorCalibCoefBank[1472],0
SensorCalibCoefBank[1473],1
SensorCalibCoefBank[1474],0
SensorCalibCoefBank[1475],0
SensorCalibCoefBank[1476],0
SensorCalibCoefBank[1477],1
SensorCalibCoefBank[1478],0
SensorCalibCoefBank[1479],0
SensorCalibCoefBank[1480],0
SensorCalibCoefBank[1481],1
SensorCalibCoefBank[1482],0
SensorCalibCoefBank[1483],0
SensorCalibCoefBank[1484],0
SensorCalibCoefBank[1485],0
SensorCalibCoefBank[1486],1
SensorCalibCoefBank[1487],0
SensorCalibCoefBank[1488],0
SensorCalibCoefBank[1489],0
SensorCalibCoefBank[1490],0
SensorCalibCoefBank[1491],1
SensorCalibCoefBank[1492],0
SensorCalibCoefBank[1493],0
SensorCalibCoefBank[1494],0
SensorCalibCoefBank[1495],0
SensorCalibCoefBank[1496],1
SensorCalibCoefBank[1497],0
SensorCalibCoefBank[1498],0
SensorCalibCoefBank[1499],0
SensorCalibCoefBank[1500],0
SensorCalibCoefBank[1501],0
SensorCalibCoefBank[1502],0
SensorCalibCoefBank[1503],0
SensorCalibCoefBank[1504],0
SensorCalibCoefBank[1505],0
SensorCalibCoefBank[1506],0
SensorCalibCoefBank[1507],0
SensorCalibCoefBank[1508],0
SensorCalibCoefBank[1509],0
SensorCalibCoefBank[1510],0
SensorCalibCoefBank[1511],0
SensorCalibCoefBank[1512],0
SensorCalibCoefBank[1513],0
SensorCalibCoefBank[1514],0
SensorCalibCoefBank[1515],0
SensorCalibCoefBank[1516],0
SensorCalibCoefBank[1517],0
SensorCalibCoefBank[1518],0
SensorCalibCoefBank[1519],0
SensorCalibCoefBank[1520],0
SensorCalibCoefBank[1521],0
SensorCalibCoefBank[1522],0
SensorCalibCoefBank[1523],0
SensorCalibCoefBank[1524],0
SensorCalibCoefBank[1525],0
SensorCalibCoefBank[1526],0
SensorCalibCoefBank[1527],0
SensorCalibCoefBank[1528],0
SensorCalibCoefBank[1529],0
SensorCalibCoefBank[1530],1
SensorCalibCoefBank[1531],0
SensorCalibCoefBank[1532],0
SensorCalibCoefBank[1533],0
SensorCalibCoefBank[1534],1
SensorCalibCoefBank[1535],0
SensorCalibCoefBank[1536],0
SensorCalibCoefBank[1537],0
SensorCalibCoefBank[1538],1
SensorCalibCoefBank[1539],0
SensorCalibCoefBank[1540],0
SensorCalibCoefBank[1541],0
SensorCalibCoefBank[1542],0
SensorCalibCoefBank[1543],1
SensorCalibCoefBank[1544],0
SensorCalibCoefBank[1545],0
SensorCalibCoefBank[1546],0
SensorCalibCoefBank[1547],0
SensorCalibCoefBank[1548],1
SensorCalibCoefBank[1549],0
SensorCalibCoefBank[1550],0
SensorCalibCoefBank[1551],0
SensorCalibCoefBank[1552],0
SensorCalibCoefBank[1553],1
SensorCalibCoefBank[1554],0
SensorCalibCoefBank[1555],0
SensorCalibCoefBank[1556],0
SensorCalibCoefBank[1557],0
SensorCalibCoefBank[1558],0
SensorCalibCoefBank[1559],0
SensorCalibCoefBank[1560],0
SensorCalibCoefBank[1561],0
SensorCalibCoefBank[1562],0
SensorCalibCoefBank[1563],0
SensorCalibCoefBank[1564],0
SensorCalibCoefBank[1565],0
SensorCalibCoefBank[1566],0
SensorCalibCoefBank[1567],0
SensorCalibCoefBank[1568],0
SensorCalibCoefBank[1569],0
SensorCalibCoefBank[1570],0
SensorCalibCoefBank[1571],0
SensorCalibCoefBank[1572],0
SensorCalibCoefBank[1573],0
SensorCalibCoefBank[1574],0
SensorCalibCoefBank[1575],0
SensorCalibCoefBank[1576],0
SensorCalibCoefBank[1577],0
SensorCalibCoefBank[1578],0
SensorCalibCoefBank[1579],0
SensorCalibCoefBank[1580],0
SensorCalibCoefBank[1581],0
SensorCalibCoefBank[1582],0
SensorCalibCoefBank[1583],0
SensorCalibCoefBank[1584],0
SensorCalibCoefBank[1585],0
SensorCalibCoefBank[1586],0
SensorCalibCoefBank[1587],1
SensorCalibCoefBank[1588],0
SensorCalibCoefBank[1589],0
SensorCalibCoefBank[1590],0
SensorCalibCoefBank[1591],1
SensorCalibCoefBank[1592],0
SensorCalibCoefBank[1593],0
SensorCalibCoefBank[1594],0
SensorCalibCoefBank[1595],1
SensorCalibCoefBank[1596],0
SensorCalibCoefBank[1597],0
SensorCalibCoefBank[1598],0
SensorCalibCoefBank[1599],0
SensorCalibCoefBank[1600],1
SensorCalibCoefBank[1601],0
SensorCalibCoefBank[1602],0
SensorCalibCoefBank[1603],0
SensorCalibCoefBank[1604],0
SensorCalibCoefBank[1605],1
SensorCalibCoefBank[1606],0
SensorCalibCoefBank[1607],0
SensorCalibCoefBank[1608],0
SensorCalibCoefBank[1609],0
SensorCalibCoefBank[1610],1
SensorCalibCoefBank[1611],0
SensorCalibCoefBank[1612],0
SensorCalibCoefBank[1613],0
SensorCalibCoefBank[1614],0
SensorCalibCoefBank[1615],0
SensorCalibCoefBank[1616],0
SensorCalibCoefBank[1617],0
SensorCalibCoefBank[1618],0
SensorCalibCoefBank[1619],0
SensorCalibCoefBank[1620],0
SensorCalibCoefBank[1621],0
SensorCalibCoefBank[1622],0
SensorCalibCoefBank[1623],0
SensorCalibCoefBank[1624],0
SensorCalibCoefBank[1625],0
SensorCalibCoefBank[1626],0
SensorCalibCoefBank[1627],0
SensorCalibCoefBank[1628],0
SensorCalibCoefBank[1629],0
SensorCalibCoefBank[1630],0
SensorCalibCoefBank[1631],0
SensorCalibCoefBank[1632],0
SensorCalibCoefBank[1633],0
SensorCalibCoefBank[1634],0
SensorCalibCoefBank[1635],0
SensorCalibCoefBank[1636],0
SensorCalibCoefBank[1637],0
SensorCalibCoefBank[1638],0
SensorCalibCoefBank[1639],0
SensorCalibCoefBank[1640],0
SensorCalibCoefBank[1641],0
SensorCalibCoefBank[1642],0
SensorCalibCoefBank[1643],0
SensorCalibCoefBank[1644],1
SensorCalibCoefBank[1645],0
SensorCalibCoefBank[1646],0
SensorCalibCoefBank[1647],0
SensorCalibCoefBank[1648],1
SensorCalibCoefBank[1649],0
SensorCalibCoefBank[1650],0
SensorCalibCoefBank[1651],0
SensorCalibCoefBank[1652],1
SensorCalibCoefBank[1653],0
SensorCalibCoefBank[1654],0
SensorCalibCoefBank[1655],0
SensorCalibCoefBank[1656],0
SensorCalibCoefBank[1657],1
SensorCalibCoefBank[1658],0
SensorCalibCoefBank[1659],0
SensorCalibCoefBank[1660],0
SensorCalibCoefBank[1661],0
SensorCalibCoefBank[1662],1
SensorCalibCoefBank[1663],0
SensorCalibCoefBank[1664],0
SensorCalibCoefBank[1665],0
SensorCalibCoefBank[1666],0
SensorCalibCoefBank[1667],1
SensorCalibCoefBank[1668],0
SensorCalibCoefBank[1669],0
SensorCalibCoefBank[1670],0
SensorCalibCoefBank[1671],0
SensorCalibCoefBank[1672],0
SensorCalibCoefBank[1673],0
SensorCalibCoefBank[1674],0
SensorCalibCoefBank[1675],0
SensorCalibCoefBank[1676],0
SensorCalibCoefBank[1677],0
SensorCalibCoefBank[1678],0
SensorCalibCoefBank[1679],0
SensorCalibCoefBank[1680],0
SensorCalibCoefBank[1681],0
SensorCalibCoefBank[1682],0
SensorCalibCoefBank[1683],0
SensorCalibCoefBank[1684],0
SensorCalibCoefBank[1685],0
SensorCalibCoefBank[1686],0
SensorCalibCoefBank[1687],0
SensorCalibCoefBank[1688],0
SensorCalibCoefBank[1689],0
SensorCalibCoefBank[1690],0
SensorCalibCoefBank[1691],0
SensorCalibCoefBank[1692],0
SensorCalibCoefBank[1693],0
SensorCalibCoefBank[1694],0
SensorCalibCoefBank[1695],0
SensorCalibCoefBank[1696],0
SensorCalibCoefBank[1697],0
SensorCalibCoefBank[1698],0
SensorCalibCoefBank[1699],0
SensorCalibCoefBank[1700],0
SensorCalibCoefBank[1701],1
SensorCalibCoefBank[1702],0
SensorCalibCoefBank[1703],0
SensorCalibCoefBank[1704],0
SensorCalibCoefBank[1705],1
SensorCalibCoefBank[1706],0
SensorCalibCoefBank[1707],0
SensorCalibCoefBank[1708],0
SensorCalibCoefBank[1709],1
SensorCalibCoefBank[1710],0
SensorCalibCoefBank[1711],0
SensorCalibCoefBank[1712],0
SensorCalibCoefBank[1713],0
SensorCalibCoefBank[1714],1
SensorCalibCoefBank[1715],0
SensorCalibCoefBank[1716],0
SensorCalibCoefBank[1717],0
SensorCalibCoefBank[1718],0
SensorCalibCoefBank[1719],1
SensorCalibCoefBank[1720],0
SensorCalibCoefBank[1721],0
SensorCalibCoefBank[1722],0
SensorCalibCoefBank[1723],0
SensorCalibCoefBank[1724],1
SensorCalibCoefBank[1725],0
SensorCalibCoefBank[1726],0
SensorCalibCoefBank[1727],0
SensorCalibCoefBank[1728],0
SensorCalibCoefBank[1729],0
SensorCalibCoefBank[1730],0
SensorCalibCoefBank[1731],0
SensorCalibCoefBank[1732],0
SensorCalibCoefBank[1733],0
SensorCalibCoefBank[1734],0
SensorCalibCoefBank[1735],0
SensorCalibCoefBank[1736],0
SensorCalibCoefBank[1737],0
SensorCalibCoefBank[1738],0
SensorCalibCoefBank[1739],0
SensorCalibCoefBank[1740],0
SensorCalibCoefBank[1741],0
SensorCalibCoefBank[1742],0
SensorCalibCoefBank[1743],0
SensorCalibCoefBank[1744],0
SensorCalibCoefBank[1745],0
SensorCalibCoefBank[1746],0
SensorCalibCoefBank[1747],0
SensorCalibCoefBank[1748],0
SensorCalibCoefBank[1749],0
SensorCalibCoefBank[1750],0
SensorCalibCoefBank[1751],0
SensorCalibCoefBank[1752],0
SensorCalibCoefBank[1753],0
SensorCalibCoefBank[1754],0
SensorCalibCoefBank[1755],0
SensorCalibCoefBank[1756],0
SensorCalibCoefBank[1757],0
SensorCalibCoefBank[1758],1
SensorCalibCoefBank[1759],0
SensorCalibCoefBank[1760],0
SensorCalibCoefBank[1761],0
SensorCalibCoefBank[1762],1
SensorCalibCoefBank[1763],0
SensorCalibCoefBank[1764],0
SensorCalibCoefBank[1765],0
SensorCalibCoefBank[1766],1
SensorCalibCoefBank[1767],0
SensorCalibCoefBank[1768],0
SensorCalibCoefBank[1769],0
SensorCalibCoefBank[1770],0
SensorCalibCoefBank[1771],1
SensorCalibCoefBank[1772],0
SensorCalibCoefBank[1773],0
SensorCalibCoefBank[1774],0
SensorCalibCoefBank[1775],0
SensorCalibCoefBank[1776],1
SensorCalibCoefBank[1777],0
SensorCalibCoefBank[1778],0
SensorCalibCoefBank[1779],0
SensorCalibCoefBank[1780],0
SensorCalibCoefBank[1781],1
SensorCalibCoefBank[1782],0
SensorCalibCoefBank[1783],0
SensorCalibCoefBank[1784],0
SensorCalibCoefBank[1785],0
SensorCalibCoefBank[1786],0
SensorCalibCoefBank[1787],0
SensorCalibCoefBank[1788],0
SensorCalibCoefBank[1789],0
SensorCalibCoefBank[1790],0
SensorCalibCoefBank[1791],0
SensorCalibCoefBank[1792],0
SensorCalibCoefBank[1793],0
SensorCalibCoefBank[1794],0
SensorCalibCoefBank[1795],0
SensorCalibCoefBank[1796],0
SensorCalibCoefBank[1797],0
SensorCalibCoefBank[1798],0
SensorCalibCoefBank[1799],0
SensorCalibCoefBank[1800],0
SensorCalibCoefBank[1801],0
SensorCalibCoefBank[1802],0
SensorCalibCoefBank[1803],0
SensorCalibCoefBank[1804],0
SensorCalibCoefBank[1805],0
SensorCalibCoefBank[1806],0
SensorCalibCoefBank[1807],0
SensorCalibCoefBank[1808],0
SensorCalibCoefBank[1809],0
SensorCalibCoefBank[1810],0
SensorCalibCoefBank[1811],0
SensorCalibCoefBank[1812],0
SensorCalibCoefBank[1813],0
SensorCalibCoefBank[1814],0
SensorCalibCoefBank[1815],1
SensorCalibCoefBank[1816],0
SensorCalibCoefBank[1817],0
SensorCalibCoefBank[1818],0
SensorCalibCoefBank[1819],1
SensorCalibCoefBank[1820],0
SensorCalibCoefBank[1821],0
SensorCalibCoefBank[1822],0
SensorCalibCoefBank[1823],1
SensorCalibCoefBank[1824],0
SensorCalibCoefBank[1825],0
SensorCalibCoefBank[1826],0
SensorCalibCoefBank[1827],0
SensorCalibCoefBank[1828],0
SensorCalibCoefBank[1829],0
SensorCalibCoefBank[1830],0
SensorCalibCoefBank[1831],0
SensorCalibCoefBank[1832],0
SensorCalibCoefBank[1833],0
SensorCalibCoefBank[1834],0
SensorCalibCoefBank[1835],0
SensorCalibCoefBank[1836],0
SensorCalibCoefBank[1837],0
SensorCalibCoefBank[1838],0
SensorCalibCoefBank[1839],0
SensorCalibCoefBank[1840],0
SensorCalibCoefBank[1841],0
SensorCalibCoefBank[1842],0
SensorCalibCoefBank[1843],0
SensorCalibCoefBank[1844],0
SensorCalibCoefBank[1845],0
SensorCalibCoefBank[1846],0
SensorCalibCoefBank[1847],0
SensorCalibCoefBank[1848],0
SensorCalibCoefBank[1849],0
SensorCalibCoefBank[1850],0
SensorCalibCoefBank[1851],0
SensorCalibCoefBank[1852],0
SensorCalibCoefBank[1853],0
SensorCalibCoefBank[1854],0
SensorCalibCoefBank[1855],0
SensorCalibCoefBank[1856],0
SensorCalibCoefBank[1857],0
SensorCalibCoefBank[1858],0
SensorCalibCoefBank[1859],0
SensorCalibCoefBank[1860],0
SensorCalibCoefBank[1861],0
SensorCalibCoefBank[1862],0
SensorCalibCoefBank[1863],0
SensorCalibCoefBank[1864],0
SensorCalibCoefBank[1865],0
SensorCalibCoefBank[1866],0
SensorCalibCoefBank[1867],0
SensorCalibCoefBank[1868],0
SensorCalibCoefBank[1869],0
SensorCalibCoefBank[1870],0
SensorCalibCoefBank[1871],0
SensorCalibCoefBank[1872],0
SensorCalibCoefBank[1873],0
SensorCalibCoefBank[1874],0
SensorCalibCoefBank[1875],0
SensorCalibCoefBank[1876],0
SensorCalibCoefBank[1877],0
SensorCalibCoefBank[1878],0
SensorCalibCoefBank[1879],0
SensorCalibCoefBank[1880],0
SensorCalibCoefBank[1881],0
SensorCalibCoefBank[1882],0
SensorCalibCoefBank[1883],0
SensorCalibCoefBank[1884],0
SensorCalibCoefBank[1885],0
SensorCalibCoefBank[1886],0
SensorCalibCoefBank[1887],0
SensorCalibCoefBank[1888],0
SensorCalibCoefBank[1889],0
SensorCalibCoefBank[1890],0
SensorCalibCoefBank[1891],0
SensorCalibCoefBank[1892],0
SensorCalibCoefBank[1893],0
SensorCalibCoefBank[1894],0
SensorCalibCoefBank[1895],0
SensorCalibCoefBank[1896],0
SensorCalibCoefBank[1897],0
SensorCalibCoefBank[1898],0
SensorCalibCoefBank[1899],0
SensorCalibCoefBank[1900],0
SensorCalibCoefBank[1901],0
SensorCalibCoefBank[1902],0
SensorCalibCoefBank[1903],0
SensorCalibCoefBank[1904],0
SensorCalibCoefBank[1905],0
SensorCalibCoefBank[1906],0
SensorCalibCoefBank[1907],0
SensorCalibCoefBank[1908],0
SensorCalibCoefBank[1909],0
SensorCalibCoefBank[1910],0
SensorCalibCoefBank[1911],0
SensorCalibCoefBank[1912],0
SensorCalibCoefBank[1913],0
SensorCalibCoefBank[1914],0
SensorCalibCoefBank[1915],0
SensorCalibCoefBank[1916],0
SensorCalibCoefBank[1917],0
SensorCalibCoefBank[1918],0
SensorCalibCoefBank[1919],0
SensorCalibCoefBank[1920],0
SensorCalibCoefBank[1921],0
SensorCalibCoefBank[1922],0
SensorCalibCoefBank[1923],0
SensorCalibCoefBank[1924],0
SensorCalibCoefBank[1925],0
SensorCalibCoefBank[1926],0
SensorCalibCoefBank[1927],0
SensorCalibCoefBank[1928],0
SensorCalibCoefBank[1929],0
SensorCalibCoefBank[1930],0
SensorCalibCoefBank[1931],0
SensorCalibCoefBank[1932],0
SensorCalibCoefBank[1933],0
SensorCalibCoefBank[1934],0
SensorCalibCoefBank[1935],0
SensorCalibCoefBank[1936],0
SensorCalibCoefBank[1937],0
SensorCalibCoefBank[1938],0
SensorCalibCoefBank[1939],0
SensorCalibCoefBank[1940],0
SensorCalibCoefBank[1941],0
SensorCalibCoefBank[1942],0
SensorCalibCoefBank[1943],0
SensorCalibCoefBank[1944],0
SensorCalibCoefBank[1945],0
SensorCalibCoefBank[1946],0
SensorCalibCoefBank[1947],0
SensorCalibCoefBank[1948],0
SensorCalibCoefBank[1949],0
SensorCalibCoefBank[1950],0
SensorCalibCoefBank[1951],0
SensorCalibCoefBank[1952],0
SensorCalibCoefBank[1953],0
SensorCalibCoefBank[1954],0
SensorCalibCoefBank[1955],0
SensorCalibCoefBank[1956],0
SensorCalibCoefBank[1957],0
SensorCalibCoefBank[1958],0
SensorCalibCoefBank[1959],0
SensorCalibCoefBank[1960],0
SensorCalibCoefBank[1961],0
SensorCalibCoefBank[1962],0
SensorCalibCoefBank[1963],0
SensorCalibCoefBank[1964],0
SensorCalibCoefBank[1965],0
SensorCalibCoefBank[1966],0
SensorCalibCoefBank[1967],0
SensorCalibCoefBank[1968],0
SensorCalibCoefBank[1969],0
SensorCalibCoefBank[1970],0
SensorCalibCoefBank[1971],0
SensorCalibCoefBank[1972],0
SensorCalibCoefBank[1973],0
SensorCalibCoefBank[1974],0
SensorCalibCoefBank[1975],0
SensorCalibCoefBank[1976],0
SensorCalibCoefBank[1977],0
SensorCalibCoefBank[1978],0
SensorCalibCoefBank[1979],0
SensorCalibCoefBank[1980],0
SensorCalibCoefBank[1981],0
SensorCalibCoefBank[1982],0
SensorCalibCoefBank[1983],0
SensorCalibCoefBank[1984],0
SensorCalibCoefBank[1985],0
SensorCalibCoefBank[1986],0
SensorCalibCoefBank[1987],0
SensorCalibCoefBank[1988],0
SensorCalibCoefBank[1989],0
SensorCalibCoefBank[1990],0
SensorCalibCoefBank[1991],0
SensorCalibCoefBank[1992],0
SensorCalibCoefBank[1993],0
SensorCalibCoefBank[1994],0
SensorCalibCoefBank[1995],0
SensorCalibCoefBank[1996],0
SensorCalibCoefBank[1997],0
SensorCalibCoefBank[1998],0
SensorCalibCoefBank[1999],0
SensorCalibCoefBank[2000],1
SensorCalibCoefBank[2001],0
SensorCalibCoefBank[2002],0
SensorCalibCoefBank[2003],0
SensorCalibCoefBank[2004],0
SensorCalibCoefBank[2005],0
SensorCalibCoefBank[2006],1
SensorCalibCoefBank[2007],0
SensorCalibCoefBank[2008],0
SensorCalibCoefBank[2009],0
SensorCalibCoefBank[2010],0
SensorCalibCoefBank[2011],0
SensorCalibCoefBank[2012],1
SensorCalibCoefBank[2013],0
SensorCalibCoefBank[2014],0
SensorCalibCoefBank[2015],0
SensorCalibCoefBank[2016],0
SensorCalibCoefBank[2017],0
SensorCalibCoefBank[2018],1
SensorCalibCoefBank[2019],0
SensorCalibCoefBank[2020],0
SensorCalibCoefBank[2021],0
SensorCalibCoefBank[2022],0
SensorCalibCoefBank[2023],0
SensorCalibCoefBank[2024],1
SensorCalibCoefBank[2025],0
SensorCalibCoefBank[2026],0
SensorCalibCoefBank[2027],0
SensorCalibCoefBank[2028],0
SensorCalibCoefBank[2029],0
SensorCalibCoefBank[2030],1
SensorCalibCoefBank[2031],0
SensorCalibCoefBank[2032],0
SensorCalibCoefBank[2033],0
SensorCalibCoefBank[2034],0
SensorCalibCoefBank[2035],0
SensorCalibCoefBank[2036],0
SensorCalibCoefBank[2037],0
SensorCalibCoefBank[2038],0
SensorCalibCoefBank[2039],0
SensorCalibCoefBank[2040],0
SensorCalibCoefBank[2041],0
SensorCalibCoefBank[2042],0
SensorCalibCoefBank[2043],0
SensorCalibCoefBank[2044],0
SensorCalibCoefBank[2045],0
SensorCalibCoefBank[2046],0
SensorCalibCoefBank[2047],0
SensorCalibCoefBank[2048],0
SensorCalibCoefBank[2049],0
SensorCalibCoefBank[2050],0
SensorCalibCoefBank[2051],0
SensorCalibCoefBank[2052],0
SensorCalibCoefBank[2053],0
SensorCalibCoefBank[2054],0
SensorCalibCoefBank[2055],0
SensorCalibCoefBank[2056],0
SensorCalibCoefBank[2057],0
SensorCalibCoefBank[2058],0
SensorCalibCoefBank[2059],0
SensorCalibCoefBank[2060],0
SensorCalibCoefBank[2061],0
SensorCalibCoefBank[2062],0
SensorCalibCoefBank[2063],0
SensorCalibCoefBank[2064],0
SensorCalibCoefBank[2065],0
SensorCalibCoefBank[2066],0
SensorCalibCoefBank[2067],0
SensorCalibCoefBank[2068],0
SensorCalibCoefBank[2069],0
SensorCalibCoefBank[2070],0
SensorCalibCoefBank[2071],0
SensorCalibCoefBank[2072],0
SensorCalibCoefBank[2073],0
SensorCalibCoefBank[2074],0
SensorCalibCoefBank[2075],0
SensorCalibCoefBank[2076],0
SensorCalibCoefBank[2077],0
SensorCalibCoefBank[2078],0
SensorCalibCoefBank[2079],0
SensorCalibCoefBank[2080],0
SensorCalibCoefBank[2081],0
SensorCalibCoefBank[2082],0
SensorCalibCoefBank[2083],0
SensorCalibCoefBank[2084],0
SensorCalibCoefBank[2085],0
SensorCalibCoefBank[2086],0
SensorCalibCoefBank[2087],0
SensorCalibCoefBank[2088],0
SensorCalibCoefBank[2089],0
SensorCalibCoefBank[2090],0
SensorCalibCoefBank[2091],0
SensorCalibCoefBank[2092],0
SensorCalibCoefBank[2093],0
SensorCalibCoefBank[2094],0
SensorCalibCoefBank[2095],0
SensorCalibCoefBank[2096],0
SensorCalibCoefBank[2097],0
SensorCalibCoefBank[2098],0
SensorCalibCoefBank[2099],0
SensorCalibCoefBank[2100],0
SensorCalibCoefBank[2101],0
SensorCalibCoefBank[2102],0
SensorCalibCoefBank[2103],0
SensorCalibCoefBank[2104],0
SensorCalibCoefBank[2105],0
SensorCalibCoefBank[2106],0
SensorCalibCoefBank[2107],0
SensorCalibCoefBank[2108],0
SensorCalibCoefBank[2109],0
SensorCalibCoefBank[2110],0
SensorCalibCoefBank[2111],0
SensorCalibCoefBank[2112],0
SensorCalibCoefBank[2113],0
SensorCalibCoefBank[2114],0
SensorCalibCoefBank[2115],0
SensorCalibCoefBank[2116],0
SensorCalibCoefBank[2117],0
SensorCalibCoefBank[2118],0
SensorCalibCoefBank[2119],0
SensorCalibCoefBank[2120],0
SensorCalibCoefBank[2121],0
SensorCalibCoefBank[2122],0
SensorCalibCoefBank[2123],0
SensorCalibCoefBank[2124],0
SensorCalibCoefBank[2125],0
SensorCalibCoefBank[2126],0
SensorCalibCoefBank[2127],0
SensorCalibCoefBank[2128],0
SensorCalibCoefBank[2129],0
SensorCalibCoefBank[2130],0
SensorCalibCoefBank[2131],0
SensorCalibCoefBank[2132],0
SensorCalibCoefBank[2133],0
SensorCalibCoefBank[2134],0
SensorCalibCoefBank[2135],0
SensorCalibCoefBank[2136],0
SensorCalibCoefBank[2137],0
SensorCalibCoefBank[2138],0
SensorCalibCoefBank[2139],0
SensorCalibCoefBank[2140],0
SensorCalibCoefBank[2141],0
SensorCalibCoefBank[2142],0
SensorCalibCoefBank[2143],0
SensorCalibCoefBank[2144],0
SensorCalibCoefBank[2145],0
SensorCalibCoefBank[2146],0
SensorCalibCoefBank[2147],0
SensorCalibCoefBank[2148],0
SensorCalibCoefBank[2149],0
SensorCalibCoefBank[2150],0
SensorCalibCoefBank[2151],0
SensorCalibCoefBank[2152],0
SensorCalibCoefBank[2153],0
SensorCalibCoefBank[2154],0
SensorCalibCoefBank[2155],0
SensorCalibCoefBank[2156],0
SensorCalibCoefBank[2157],0
SensorCalibCoefBank[2158],0
SensorCalibCoefBank[2159],0
SensorCalibCoefBank[2160],0
SensorCalibCoefBank[2161],0
SensorCalibCoefBank[2162],0
SensorCalibCoefBank[2163],0
SensorCalibCoefBank[2164],0
SensorCalibCoefBank[2165],0
SensorCalibCoefBank[2166],0
SensorCalibCoefBank[2167],0
SensorCalibCoefBank[2168],0
SensorCalibCoefBank[2169],0
SensorCalibCoefBank[2170],0
SensorCalibCoefBank[2171],0
SensorCalibCoefBank[2172],0
SensorCalibCoefBank[2173],0
SensorCalibCoefBank[2174],0
SensorCalibCoefBank[2175],0
SensorCalibCoefBank[2176],0
SensorCalibCoefBank[2177],0
SensorCalibCoefBank[2178],0
SensorCalibCoefBank[2179],0
SensorCalibCoefBank[2180],0
SensorCalibCoefBank[2181],0
SensorCalibCoefBank[2182],0
SensorCalibCoefBank[2183],0
SensorCalibCoefBank[2184],0
SensorCalibCoefBank[2185],0
SensorCalibCoefBank[2186],0
SensorCalibCoefBank[2187],0
SensorCalibCoefBank[2188],0
SensorCalibCoefBank[2189],0
SensorCalibCoefBank[2190],0
SensorCalibCoefBank[2191],0
SensorCalibCoefBank[2192],0
SensorCalibCoefBank[2193],0
SensorCalibCoefBank[2194],0
SensorCalibCoefBank[2195],0
SensorCalibCoefBank[2196],0
SensorCalibCoefBank[2197],0
SensorCalibCoefBank[2198],0
SensorCalibCoefBank[2199],0
SensorCalibCoefBank[2200],0
SensorCalibCoefBank[2201],0
SensorCalibCoefBank[2202],0
SensorCalibCoefBank[2203],0
SensorCalibCoefBank[2204],0
SensorCalibCoefBank[2205],0
SensorCalibCoefBank[2206],0
SensorCalibCoefBank[2207],0
SensorCalibCoefBank[2208],0
SensorCalibCoefBank[2209],0
SensorCalibCoefBank[2210],0
SensorCalibCoefBank[2211],0
SensorCalibCoefBank[2212],0
SensorCalibCoefBank[2213],0
SensorCalibCoefBank[2214],0
SensorCalibCoefBank[2215],0
SensorCalibCoefBank[2216],0
SensorCalibCoefBank[2217],0
SensorCalibCoefBank[2218],0
SensorCalibCoefBank[2219],0
SensorCalibCoefBank[2220],0
SensorCalibCoefBank[2221],0
SensorCalibCoefBank[2222],0
SensorCalibCoefBank[2223],0
SensorCalibCoefBank[2224],0
SensorCalibCoefBank[2225],0
SensorCalibCoefBank[2226],0
SensorCalibCoefBank[2227],0
SensorCalibCoefBank[2228],0
SensorCalibCoefBank[2229],0
SensorCalibCoefBank[2230],0
SensorCalibCoefBank[2231],0
SensorCalibCoefBank[2232],0
SensorCalibCoefBank[2233],0
SensorCalibCoefBank[2234],0
SensorCalibCoefBank[2235],0
SensorCalibCoefBank[2236],0
SensorCalibCoefBank[2237],0
SensorCalibCoefBank[2238],0
SensorCalibCoefBank[2239],0
SensorCalibCoefBank[2240],0
SensorCalibCoefBank[2241],0
SensorCalibCoefBank[2242],0
SensorCalibCoefBank[2243],0
SensorCalibCoefBank[2244],0
SensorCalibCoefBank[2245],0
SensorCalibCoefBank[2246],0
SensorCalibCoefBank[2247],0
SensorCalibCoefBank[2248],0
SensorCalibCoefBank[2249],0
SensorCalibCoefBank[2250],0
SensorCalibCoefBank[2251],0
SensorCalibCoefBank[2252],0
SensorCalibCoefBank[2253],0
SensorCalibCoefBank[2254],0
SensorCalibCoefBank[2255],0
SensorCalibCoefBank[2256],0
SensorCalibCoefBank[2257],0
SensorCalibCoefBank[2258],0
SensorCalibCoefBank[2259],0
SensorCalibCoefBank[2260],0
SensorCalibCoefBank[2261],0
SensorCalibCoefBank[2262],0
SensorCalibCoefBank[2263],0
SensorCalibCoefBank[2264],0
SensorCalibCoefBank[2265],0
SensorCalibCoefBank[2266],0
SensorCalibCoefBank[2267],0
SensorCalibCoefBank[2268],0
SensorCalibCoefBank[2269],0
SensorCalibCoefBank[2270],0
SensorCalibCoefBank[2271],0
SensorCalibCoefBank[2272],0
SensorCalibCoefBank[2273],0
SensorCalibCoefBank[2274],0
SensorCalibCoefBank[2275],0
SensorCalibCoefBank[2276],0
SensorCalibCoefBank[2277],0
SensorCalibCoefBank[2278],0
SensorCalibCoefBank[2279],0
SensorCalibCoefBank[2280],0
SensorCalibCoefBank[2281],0
SensorCalibCoefBank[2282],0
SensorCalibCoefBank[2283],0
SensorCalibCoefBank[2284],0
SensorCalibCoefBank[2285],0
SensorCalibCoefBank[2286],0
SensorCalibCoefBank[2287],0
SensorCalibCoefBank[2288],0
SensorCalibCoefBank[2289],0
SensorCalibCoefBank[2290],0
SensorCalibCoefBank[2291],0
SensorCalibCoefBank[2292],0
SensorCalibCoefBank[2293],0
SensorCalibCoefBank[2294],0
SensorCalibCoefBank[2295],0
SensorCalibCoefBank[2296],0
SensorCalibCoefBank[2297],0
SensorCalibCoefBank[2298],0
SensorCalibCoefBank[2299],0
SensorCalibCoefBank[2300],0
SensorCalibCoefBank[2301],0
SensorCalibCoefBank[2302],0
SensorCalibCoefBank[2303],0
SensorCalibCoefBank[2304],0
SensorCalibCoefBank[2305],0
SensorCalibCoefBank[2306],0
SensorCalibCoefBank[2307],0
SensorCalibCoefBank[2308],0
SensorCalibCoefBank[2309],0
SensorCalibCoefBank[2310],0
SensorCalibCoefBank[2311],0
SensorCalibCoefBank[2312],0
SensorCalibCoefBank[2313],0
SensorCalibCoefBank[2314],0
SensorCalibCoefBank[2315],0
SensorCalibCoefBank[2316],0
SensorCalibCoefBank[2317],0
SensorCalibCoefBank[2318],0
SensorCalibCoefBank[2319],0
SensorCalibCoefBank[2320],0
SensorCalibCoefBank[2321],0
SensorCalibCoefBank[2322],0
SensorCalibCoefBank[2323],0
SensorCalibCoefBank[2324],0
SensorCalibCoefBank[2325],0
SensorCalibCoefBank[2326],0
SensorCalibCoefBank[2327],0
SensorCalibCoefBank[2328],0
SensorCalibCoefBank[2329],0
SensorCalibCoefBank[2330],0
SensorCalibCoefBank[2331],0
SensorCalibCoefBank[2332],0
SensorCalibCoefBank[2333],0
SensorCalibCoefBank[2334],0
SensorCalibCoefBank[2335],0
SensorCalibCoefBank[2336],0
SensorCalibCoefBank[2337],0
SensorCalibCoefBank[2338],0
SensorCalibCoefBank[2339],0
SensorCalibCoefBank[2340],0
SensorCalibCoefBank[2341],0
SensorCalibCoefBank[2342],0
SensorCalibCoefBank[2343],0
SensorCalibCoefBank[2344],0
SensorCalibCoefBank[2345],0
SensorCalibCoefBank[2346],0
SensorCalibCoefBank[2347],0
SensorCalibCoefBank[2348],0
SensorCalibCoefBank[2349],0
SensorCalibCoefBank[2350],0
SensorCalibCoefBank[2351],0
SensorCalibCoefBank[2352],0
SensorCalibCoefBank[2353],0
SensorCalibCoefBank[2354],0
SensorCalibCoefBank[2355],0
SensorCalibCoefBank[2356],0
SensorCalibCoefBank[2357],0
SensorCalibCoefBank[2358],0
SensorCalibCoefBank[2359],0
SensorCalibCoefBank[2360],0
SensorCalibCoefBank[2361],0
SensorCalibCoefBank[2362],0
SensorCalibCoefBank[2363],0
SensorCalibCoefBank[2364],0
SensorCalibCoefBank[2365],0
SensorCalibCoefBank[2366],0
SensorCalibCoefBank[2367],0
SensorCalibCoefBank[2368],0
SensorCalibCoefBank[2369],0
SensorCalibCoefBank[2370],0
SensorCalibCoefBank[2371],0
SensorCalibCoefBank[2372],0
SensorCalibCoefBank[2373],0
SensorCalibCoefBank[2374],0
SensorCalibCoefBank[2375],0
SensorCalibCoefBank[2376],0
SensorCalibCoefBank[2377],0
SensorCalibCoefBank[2378],0
SensorCalibCoefBank[2379],0
SensorCalibCoefBank[2380],0
SensorCalibCoefBank[2381],0
SensorCalibCoefBank[2382],0
SensorCalibCoefBank[2383],0
SensorCalibCoefBank[2384],0
SensorCalibCoefBank[2385],0
SensorCalibCoefBank[2386],0
SensorCalibCoefBank[2387],0
SensorCalibCoefBank[2388],0
SensorCalibCoefBank[2389],0
SensorCalibCoefBank[2390],0
SensorCalibCoefBank[2391],0
SensorCalibCoefBank[2392],0
SensorCalibCoefBank[2393],0
SensorCalibCoefBank[2394],0
SensorCalibCoefBank[2395],0
SensorCalibCoefBank[2396],0
SensorCalibCoefBank[2397],0
SensorCalibCoefBank[2398],0
SensorCalibCoefBank[2399],0
SensorCalibCoefBank[2400],0
SensorCalibCoefBank[2401],0
SensorCalibCoefBank[2402],0
SensorCalibCoefBank[2403],0
SensorCalibCoefBank[2404],0
SensorCalibCoefBank[2405],0
SensorCalibCoefBank[2406],0
SensorCalibCoefBank[2407],0
SensorCalibCoefBank[2408],0
SensorCalibCoefBank[2409],0
SensorCalibCoefBank[2410],0
SensorCalibCoefBank[2411],0
SensorCalibCoefBank[2412],0
SensorCalibCoefBank[2413],0
SensorCalibCoefBank[2414],0
SensorCalibCoefBank[2415],0
SensorCalibCoefBank[2416],0
SensorCalibCoefBank[2417],0
SensorCalibCoefBank[2418],0
SensorCalibCoefBank[2419],0
SensorCalibCoefBank[2420],0
SensorCalibCoefBank[2421],0
SensorCalibCoefBank[2422],0
SensorCalibCoefBank[2423],0
SensorCalibCoefBank[2424],0
SensorCalibCoefBank[2425],0
SensorCalibCoefBank[2426],0
SensorCalibCoefBank[2427],0
SensorCalibCoefBank[2428],0
SensorCalibCoefBank[2429],0
SensorCalibCoefBank[2430],0
SensorCalibCoefBank[2431],0
SensorCalibCoefBank[2432],0
SensorCalibCoefBank[2433],0
SensorCalibCoefBank[2434],0
SensorCalibCoefBank[2435],0
SensorCalibCoefBank[2436],0
SensorCalibCoefBank[2437],0
SensorCalibCoefBank[2438],0
SensorCalibCoefBank[2439],0
SensorCalibCoefBank[2440],0
SensorCalibCoefBank[2441],0
SensorCalibCoefBank[2442],0
SensorCalibCoefBank[2443],0
SensorCalibCoefBank[2444],0
SensorCalibCoefBank[2445],0
SensorCalibCoefBank[2446],0
SensorCalibCoefBank[2447],0
SensorCalibCoefBank[2448],0
SensorCalibCoefBank[2449],0
SensorCalibCoefBank[2450],0
SensorCalibCoefBank[2451],0
SensorCalibCoefBank[2452],0
SensorCalibCoefBank[2453],0
SensorCalibCoefBank[2454],0
SensorCalibCoefBank[2455],0
SensorCalibCoefBank[2456],0
SensorCalibCoefBank[2457],0
SensorCalibCoefBank[2458],0
SensorCalibCoefBank[2459],0
SensorCalibCoefBank[2460],0
SensorCalibCoefBank[2461],0
SensorCalibCoefBank[2462],0
SensorCalibCoefBank[2463],0
SensorCalibCoefBank[2464],0
SensorCalibCoefBank[2465],0
SensorCalibCoefBank[2466],0
SensorCalibCoefBank[2467],0
SensorCalibCoefBank[2468],0
SensorCalibCoefBank[2469],0
SensorCalibCoefBank[2470],0
SensorCalibCoefBank[2471],0
SensorCalibCoefBank[2472],0
SensorCalibCoefBank[2473],0
SensorCalibCoefBank[2474],0
SensorCalibCoefBank[2475],0
SensorCalibCoefBank[2476],0
SensorCalibCoefBank[2477],0
SensorCalibCoefBank[2478],0
SensorCalibCoefBank[2479],0
SensorCalibCoefBank[2480],0
SensorCalibCoefBank[2481],0
SensorCalibCoefBank[2482],0
SensorCalibCoefBank[2483],0
SensorCalibCoefBank[2484],0
SensorCalibCoefBank[2485],0
SensorCalibCoefBank[2486],0
SensorCalibCoefBank[2487],0
SensorCalibCoefBank[2488],0
SensorCalibCoefBank[2489],0
SensorCalibCoefBank[2490],0
SensorCalibCoefBank[2491],0
SensorCalibCoefBank[2492],0
SensorCalibCoefBank[2493],0
SensorCalibCoefBank[2494],0
SensorCalibCoefBank[2495],0
SensorCalibCoefBank[2496],0
SensorCalibCoefBank[2497],0
SensorCalibCoefBank[2498],0
SensorCalibCoefBank[2499],0
SensorCalibCoefBank[2500],0
SensorCalibCoefBank[2501],0
SensorCalibCoefBank[2502],0
SensorCalibCoefBank[2503],0
SensorCalibCoefBank[2504],0
SensorCalibCoefBank[2505],0
SensorCalibCoefBank[2506],0
SensorCalibCoefBank[2507],0
SensorCalibCoefBank[2508],0
SensorCalibCoefBank[2509],0
SensorCalibCoefBank[2510],0
SensorCalibCoefBank[2511],0
SensorCalibCoefBank[2512],0
SensorCalibCoefBank[2513],0
SensorCalibCoefBank[2514],0
SensorCalibCoefBank[2515],0
SensorCalibCoefBank[2516],0
SensorCalibCoefBank[2517],0
SensorCalibCoefBank[2518],0
SensorCalibCoefBank[2519],0
SensorCalibCoefBank[2520],0
SensorCalibCoefBank[2521],0
SensorCalibCoefBank[2522],0
SensorCalibCoefBank[2523],0
SensorCalibCoefBank[2524],0
SensorCalibCoefBank[2525],0
SensorCalibCoefBank[2526],0
SensorCalibCoefBank[2527],0
SensorCalibCoefBank[2528],0
SensorCalibCoefBank[2529],0
SensorCalibCoefBank[2530],0
SensorCalibCoefBank[2531],0
SensorCalibCoefBank[2532],0
SensorCalibCoefBank[2533],0
SensorCalibCoefBank[2534],0
SensorCalibCoefBank[2535],0
SensorCalibCoefBank[2536],0
SensorCalibCoefBank[2537],0
SensorCalibCoefBank[2538],0
SensorCalibCoefBank[2539],0
SensorCalibCoefBank[2540],0
SensorCalibCoefBank[2541],0
SensorCalibCoefBank[2542],0
SensorCalibCoefBank[2543],0
SensorCalibCoefBank[2544],0
SensorCalibCoefBank[2545],0
SensorCalibCoefBank[2546],0
SensorCalibCoefBank[2547],0
SensorCalibCoefBank[2548],0
SensorCalibCoefBank[2549],0
SensorCalibCoefBank[2550],0
SensorCalibCoefBank[2551],0
SensorCalibCoefBank[2552],0
SensorCalibCoefBank[2553],0
SensorCalibCoefBank[2554],0
SensorCalibCoefBank[2555],0
SensorCalibCoefBank[2556],0
SensorCalibCoefBank[2557],0
SensorCalibCoefBank[2558],0
SensorCalibCoefBank[2559],0
SensorCalibCoefBank[2560],0
SensorCalibCoefBank[2561],0
SensorCalibCoefBank[2562],0
SensorCalibCoefBank[2563],0
SensorCalibCoefBank[2564],0
SensorCalibCoefBank[2565],0
SensorCalibCoefBank[2566],0
SensorCalibCoefBank[2567],0
SensorCalibCoefBank[2568],0
SensorCalibCoefBank[2569],0
SensorCalibCoefBank[2570],0
SensorCalibCoefBank[2571],0
SensorCalibCoefBank[2572],0
SensorCalibCoefBank[2573],0
SensorCalibCoefBank[2574],0
SensorCalibCoefBank[2575],0
SensorCalibCoefBank[2576],0
SensorCalibCoefBank[2577],0
SensorCalibCoefBank[2578],0
SensorCalibCoefBank[2579],0
SensorCalibCoefBank[2580],0
SensorCalibCoefBank[2581],0
SensorCalibCoefBank[2582],0
SensorCalibCoefBank[2583],0
SensorCalibCoefBank[2584],0
SensorCalibCoefBank[2585],0
SensorCalibCoefBank[2586],0
SensorCalibCoefBank[2587],0
SensorCalibCoefBank[2588],0
SensorCalibCoefBank[2589],0
SensorCalibCoefBank[2590],0
SensorCalibCoefBank[2591],0
SensorCalibCoefBank[2592],0
SensorCalibCoefBank[2593],0
SensorCalibCoefBank[2594],0
SensorCalibCoefBank[2595],0
SensorCalibCoefBank[2596],0
SensorCalibCoefBank[2597],0
SensorCalibCoefBank[2598],0
SensorCalibCoefBank[2599],0
SensorCalibCoefBank[2600],0
SensorCalibCoefBank[2601],0
SensorCalibCoefBank[2602],0
SensorCalibCoefBank[2603],0
SensorCalibCoefBank[2604],0
SensorCalibCoefBank[2605],0
SensorCalibCoefBank[2606],0
SensorCalibCoefBank[2607],0
SensorCalibCoefBank[2608],0
SensorCalibCoefBank[2609],0
SensorCalibCoefBank[2610],0
SensorCalibCoefBank[2611],0
SensorCalibCoefBank[2612],0
SensorCalibCoefBank[2613],0
SensorCalibCoefBank[2614],0
SensorCalibCoefBank[2615],0
SensorCalibCoefBank[2616],0
SensorCalibCoefBank[2617],0
SensorCalibCoefBank[2618],0
SensorCalibCoefBank[2619],0
SensorCalibCoefBank[2620],0
SensorCalibCoefBank[2621],0
SensorCalibCoefBank[2622],0
SensorCalibCoefBank[2623],0
SensorCalibCoefBank[2624],0
SensorCalibCoefBank[2625],0
SensorCalibCoefBank[2626],0
SensorCalibCoefBank[2627],0
SensorCalibCoefBank[2628],0
SensorCalibCoefBank[2629],0
SensorCalibCoefBank[2630],0
SensorCalibCoefBank[2631],0
SensorCalibCoefBank[2632],0
SensorCalibCoefBank[2633],0
SensorCalibCoefBank[2634],0
SensorCalibCoefBank[2635],0
SensorCalibCoefBank[2636],0
SensorCalibCoefBank[2637],0
SensorCalibCoefBank[2638],0
SensorCalibCoefBank[2639],0
SensorCalibCoefBank[2640],0
SensorCalibCoefBank[2641],0
SensorCalibCoefBank[2642],0
SensorCalibCoefBank[2643],0
SensorCalibCoefBank[2644],0
SensorCalibCoefBank[2645],0
SensorCalibCoefBank[2646],0
SensorCalibCoefBank[2647],0
SensorCalibCoefBank[2648],0
SensorCalibCoefBank[2649],0
SensorCalibCoefBank[2650],0
SensorCalibCoefBank[2651],0
SensorCalibCoefBank[2652],0
SensorCalibCoefBank[2653],0
SensorCalibCoefBank[2654],0
SensorCalibCoefBank[2655],0
SensorCalibCoefBank[2656],0
SensorCalibCoefBank[2657],0
SensorCalibCoefBank[2658],0
SensorCalibCoefBank[2659],0
SensorCalibCoefBank[2660],0
SensorCalibCoefBank[2661],0
SensorCalibCoefBank[2662],0
SensorCalibCoefBank[2663],0
SensorCalibCoefBank[2664],0
SensorCalibCoefBank[2665],0
SensorCalibCoefBank[2666],0
SensorCalibCoefBank[2667],0
SensorCalibCoefBank[2668],0
SensorCalibCoefBank[2669],0
SensorCalibCoefBank[2670],0
SensorCalibCoefBank[2671],0
SensorCalibCoefBank[2672],0
SensorCalibCoefBank[2673],0
SensorCalibCoefBank[2674],0
SensorCalibCoefBank[2675],0
SensorCalibCoefBank[2676],0
SensorCalibCoefBank[2677],0
SensorCalibCoefBank[2678],0
SensorCalibCoefBank[2679],0
SensorCalibCoefBank[2680],0
SensorCalibCoefBank[2681],0
SensorCalibCoefBank[2682],0
SensorCalibCoefBank[2683],0
SensorCalibCoefBank[2684],0
SensorCalibCoefBank[2685],0
SensorCalibCoefBank[2686],0
SensorCalibCoefBank[2687],0
SensorCalibCoefBank[2688],0
SensorCalibCoefBank[2689],0
SensorCalibCoefBank[2690],0
SensorCalibCoefBank[2691],0
SensorCalibCoefBank[2692],0
SensorCalibCoefBank[2693],0
SensorCalibCoefBank[2694],0
SensorCalibCoefBank[2695],0
SensorCalibCoefBank[2696],0
SensorCalibCoefBank[2697],0
SensorCalibCoefBank[2698],0
SensorCalibCoefBank[2699],0
SensorCalibCoefBank[2700],0
SensorCalibCoefBank[2701],0
SensorCalibCoefBank[2702],0
SensorCalibCoefBank[2703],0
SensorCalibCoefBank[2704],0
SensorCalibCoefBank[2705],0
SensorCalibCoefBank[2706],0
SensorCalibCoefBank[2707],0
SensorCalibCoefBank[2708],0
SensorCalibCoefBank[2709],0
SensorCalibCoefBank[2710],0
SensorCalibCoefBank[2711],0
SensorCalibCoefBank[2712],0
SensorCalibCoefBank[2713],0
SensorCalibCoefBank[2714],0
SensorCalibCoefBank[2715],0
SensorCalibCoefBank[2716],0
SensorCalibCoefBank[2717],0
SensorCalibCoefBank[2718],0
SensorCalibCoefBank[2719],0
SensorCalibCoefBank[2720],0
SensorCalibCoefBank[2721],0
SensorCalibCoefBank[2722],0
SensorCalibCoefBank[2723],0
SensorCalibCoefBank[2724],0
SensorCalibCoefBank[2725],0
SensorCalibCoefBank[2726],0
SensorCalibCoefBank[2727],0
SensorCalibCoefBank[2728],0
SensorCalibCoefBank[2729],0
SensorCalibCoefBank[2730],0
SensorCalibCoefBank[2731],0
SensorCalibCoefBank[2732],0
SensorCalibCoefBank[2733],0
SensorCalibCoefBank[2734],0
SensorCalibCoefBank[2735],0
SensorCalibCoefBank[2736],0
SensorCalibCoefBank[2737],0
SensorCalibCoefBank[2738],0
SensorCalibCoefBank[2739],0
SensorCalibCoefBank[2740],0
SensorCalibCoefBank[2741],0
SensorCalibCoefBank[2742],0
SensorCalibCoefBank[2743],0
SensorCalibCoefBank[2744],0
SensorCalibCoefBank[2745],0
SensorCalibCoefBank[2746],0
SensorCalibCoefBank[2747],0
SensorCalibCoefBank[2748],0
SensorCalibCoefBank[2749],0
SensorCalibCoefBank[2750],0
SensorCalibCoefBank[2751],0
SensorCalibCoefBank[2752],0
SensorCalibCoefBank[2753],0
SensorCalibCoefBank[2754],0
SensorCalibCoefBank[2755],0
SensorCalibCoefBank[2756],0
SensorCalibCoefBank[2757],0
SensorCalibCoefBank[2758],0
SensorCalibCoefBank[2759],0
SensorCalibCoefBank[2760],0
SensorCalibCoefBank[2761],0
SensorCalibCoefBank[2762],0
SensorCalibCoefBank[2763],0
SensorCalibCoefBank[2764],0
SensorCalibCoefBank[2765],0
SensorCalibCoefBank[2766],0
SensorCalibCoefBank[2767],0
SensorCalibCoefBank[2768],0
SensorCalibCoefBank[2769],0
SensorCalibCoefBank[2770],0
SensorCalibCoefBank[2771],0
SensorCalibCoefBank[2772],0
SensorCalibCoefBank[2773],0
SensorCalibCoefBank[2774],0
SensorCalibCoefBank[2775],0
SensorCalibCoefBank[2776],0
SensorCalibCoefBank[2777],0
SensorCalibCoefBank[2778],0
SensorCalibCoefBank[2779],0
SensorCalibCoefBank[2780],0
SensorCalibCoefBank[2781],0
SensorCalibCoefBank[2782],0
SensorCalibCoefBank[2783],0
SensorCalibCoefBank[2784],0
SensorCalibCoefBank[2785],0
SensorCalibCoefBank[2786],0
SensorCalibCoefBank[2787],0
SensorCalibCoefBank[2788],0
SensorCalibCoefBank[2789],0
SensorCalibCoefBank[2790],0
SensorCalibCoefBank[2791],0
SensorCalibCoefBank[2792],0
SensorCalibCoefBank[2793],0
SensorCalibCoefBank[2794],0
SensorCalibCoefBank[2795],0
SensorCalibCoefBank[2796],0
SensorCalibCoefBank[2797],0
SensorCalibCoefBank[2798],0
SensorCalibCoefBank[2799],0
SensorCalibCoefBank[2800],0
SensorCalibCoefBank[2801],0
SensorCalibCoefBank[2802],0
SensorCalibCoefBank[2803],0
SensorCalibCoefBank[2804],0
SensorCalibCoefBank[2805],0
SensorCalibCoefBank[2806],0
SensorCalibCoefBank[2807],0
SensorCalibCoefBank[2808],0
SensorCalibCoefBank[2809],0
SensorCalibCoefBank[2810],0
SensorCalibCoefBank[2811],0
SensorCalibCoefBank[2812],0
SensorCalibCoefBank[2813],0
SensorCalibCoefBank[2814],0
SensorCalibCoefBank[2815],0
SensorCalibCoefBank[2816],0
SensorCalibCoefBank[2817],0
SensorCalibCoefBank[2818],0
SensorCalibCoefBank[2819],0
SensorCalibCoefBank[2820],0
SensorCalibCoefBank[2821],0
SensorCalibCoefBank[2822],0
SensorCalibCoefBank[2823],0
SensorCalibCoefBank[2824],0
SensorCalibCoefBank[2825],0
SensorCalibCoefBank[2826],0
SensorCalibCoefBank[2827],0
SensorCalibCoefBank[2828],0
SensorCalibCoefBank[2829],0
SensorCalibCoefBank[2830],0
SensorCalibCoefBank[2831],0
SensorCalibCoefBank[2832],0
SensorCalibCoefBank[2833],0
SensorCalibCoefBank[2834],0
SensorCalibCoefBank[2835],0
SensorCalibCoefBank[2836],0
SensorCalibCoefBank[2837],0
SensorCalibCoefBank[2838],0
SensorCalibCoefBank[2839],0
SensorCalibCoefBank[2840],0
SensorCalibCoefBank[2841],0
SensorCalibCoefBank[2842],0
SensorCalibCoefBank[2843],0
SensorCalibCoefBank[2844],0
SensorCalibCoefBank[2845],0
SensorCalibCoefBank[2846],0
SensorCalibCoefBank[2847],0
SensorCalibCoefBank[2848],0
SensorCalibCoefBank[2849],0
SensorCalibCoefBank[2850],0
SensorCalibCoefBank[2851],0
SensorCalibCoefBank[2852],0
SensorCalibCoefBank[2853],0
SensorCalibCoefBank[2854],0
SensorCalibCoefBank[2855],0
SensorCalibCoefBank[2856],0
SensorCalibCoefBank[2857],0
SensorCalibCoefBank[2858],0
SensorCalibCoefBank[2859],0
SensorCalibCoefBank[2860],0
SensorCalibCoefBank[2861],0
SensorCalibCoefBank[2862],0
SensorCalibCoefBank[2863],0
SensorCalibCoefBank[2864],0
SensorCalibCoefBank[2865],0
SensorCalibCoefBank[2866],0
SensorCalibCoefBank[2867],0
SensorCalibCoefBank[2868],0
SensorCalibCoefBank[2869],0
SensorCalibCoefBank[2870],0
SensorCalibCoefBank[2871],0
SensorCalibCoefBank[2872],0
SensorCalibCoefBank[2873],0
SensorCalibCoefBank[2874],0
SensorCalibCoefBank[2875],0
SensorCalibCoefBank[2876],0
SensorCalibCoefBank[2877],0
SensorCalibCoefBank[2878],0
SensorCalibCoefBank[2879],0
SensorCalibCoefBank[2880],0
SensorCalibCoefBank[2881],0
SensorCalibCoefBank[2882],0
SensorCalibCoefBank[2883],0
SensorCalibCoefBank[2884],0
SensorCalibCoefBank[2885],0
SensorCalibCoefBank[2886],0
SensorCalibCoefBank[2887],0
SensorCalibCoefBank[2888],0
SensorCalibCoefBank[2889],0
SensorCalibCoefBank[2890],0
SensorCalibCoefBank[2891],0
SensorCalibCoefBank[2892],0
SensorCalibCoefBank[2893],0
SensorCalibCoefBank[2894],0
SensorCalibCoefBank[2895],0
SensorCalibCoefBank[2896],0
SensorCalibCoefBank[2897],0
SensorCalibCoefBank[2898],0
SensorCalibCoefBank[2899],0
SensorCalibCoefBank[2900],0
SensorCalibCoefBank[2901],0
SensorCalibCoefBank[2902],0
SensorCalibCoefBank[2903],0
SensorCalibCoefBank[2904],0
SensorCalibCoefBank[2905],0
SensorCalibCoefBank[2906],0
SensorCalibCoefBank[2907],0
SensorCalibCoefBank[2908],0
SensorCalibCoefBank[2909],0
SensorCalibCoefBank[2910],0
SensorCalibCoefBank[2911],0
SensorCalibCoefBank[2912],0
SensorCalibCoefBank[2913],0
SensorCalibCoefBank[2914],0
SensorCalibCoefBank[2915],0
SensorCalibCoefBank[2916],0
SensorCalibCoefBank[2917],0
SensorCalibCoefBank[2918],0
SensorCalibCoefBank[2919],0
SensorCalibCoefBank[2920],0
SensorCalibCoefBank[2921],0
SensorCalibCoefBank[2922],0
SensorCalibCoefBank[2923],0
SensorCalibCoefBank[2924],0
SensorCalibCoefBank[2925],0
SensorCalibCoefBank[2926],0
SensorCalibCoefBank[2927],0
SensorCalibCoefBank[2928],0
SensorCalibCoefBank[2929],0
SensorCalibCoefBank[2930],0
SensorCalibCoefBank[2931],0
SensorCalibCoefBank[2932],0
SensorCalibCoefBank[2933],0
SensorCalibCoefBank[2934],0
SensorCalibCoefBank[2935],0
SensorCalibCoefBank[2936],0
SensorCalibCoefBank[2937],0
SensorCalibCoefBank[2938],0
SensorCalibCoefBank[2939],0
SensorCalibCoefBank[2940],0
SensorCalibCoefBank[2941],0
SensorCalibCoefBank[2942],0
SensorCalibCoefBank[2943],0
SensorCalibCoefBank[2944],0
SensorCalibCoefBank[2945],0
SensorCalibCoefBank[2946],0
SensorCalibCoefBank[2947],0
SensorCalibCoefBank[2948],0
SensorCalibCoefBank[2949],0
SensorCalibCoefBank[2950],0
SensorCalibCoefBank[2951],0
SensorCalibCoefBank[2952],0
SensorCalibCoefBank[2953],0
SensorCalibCoefBank[2954],0
SensorCalibCoefBank[2955],0
SensorCalibCoefBank[2956],0
SensorCalibCoefBank[2957],0
SensorCalibCoefBank[2958],0
SensorCalibCoefBank[2959],0
SensorCalibCoefBank[2960],0
SensorCalibCoefBank[2961],0
SensorCalibCoefBank[2962],0
SensorCalibCoefBank[2963],0
SensorCalibCoefBank[2964],0
SensorCalibCoefBank[2965],0
SensorCalibCoefBank[2966],0
SensorCalibCoefBank[2967],0
SensorCalibCoefBank[2968],0
SensorCalibCoefBank[2969],0
SensorCalibCoefBank[2970],0
SensorCalibCoefBank[2971],0
SensorCalibCoefBank[2972],0
SensorCalibCoefBank[2973],0
SensorCalibCoefBank[2974],0
SensorCalibCoefBank[2975],0
SensorCalibCoefBank[2976],0
SensorCalibCoefBank[2977],0
SensorCalibCoefBank[2978],0
SensorCalibCoefBank[2979],0
SensorCalibCoefBank[2980],0
SensorCalibCoefBank[2981],0
SensorCalibCoefBank[2982],0
SensorCalibCoefBank[2983],0
SensorCalibCoefBank[2984],0
SensorCalibCoefBank[2985],0
SensorCalibCoefBank[2986],0
SensorCalibCoefBank[2987],0
SensorCalibCoefBank[2988],0
SensorCalibCoefBank[2989],0
SensorCalibCoefBank[2990],0
SensorCalibCoefBank[2991],0
SensorCalibCoefBank[2992],0
SensorCalibCoefBank[2993],0
SensorCalibCoefBank[2994],0
SensorCalibCoefBank[2995],0
SensorCalibCoefBank[2996],0
SensorCalibCoefBank[2997],0
SensorCalibCoefBank[2998],0
SensorCalibCoefBank[2999],0
SensorCalibCoefBank[3000],0
SensorCalibCoefBank[3001],0
SensorCalibCoefBank[3002],0
SensorCalibCoefBank[3003],0
SensorCalibCoefBank[3004],0
SensorCalibCoefBank[3005],0
SensorCalibCoefBank[3006],0
SensorCalibCoefBank[3007],0
SensorCalibCoefBank[3008],0
SensorCalibCoefBank[3009],0
SensorCalibCoefBank[3010],0
SensorCalibCoefBank[3011],0
SensorCalibCoefBank[3012],0
SensorCalibCoefBank[3013],0
SensorCalibCoefBank[3014],0
SensorCalibCoefBank[3015],0
SensorCalibCoefBank[3016],0
SensorCalibCoefBank[3017],0
SensorCalibCoefBank[3018],0
SensorCalibCoefBank[3019],0
SensorCalibCoefBank[3020],0
SensorCalibCoefBank[3021],0
SensorCalibCoefBank[3022],0
SensorCalibCoefBank[3023],0
SensorCalibCoefBank[3024],0
SensorCalibCoefBank[3025],0
SensorCalibCoefBank[3026],0
SensorCalibCoefBank[3027],0
SensorCalibCoefBank[3028],0
SensorCalibCoefBank[3029],0
SensorCalibCoefBank[3030],0
SensorCalibCoefBank[3031],0
SensorCalibCoefBank[3032],0
SensorCalibCoefBank[3033],0
SensorCalibCoefBank[3034],0
SensorCalibCoefBank[3035],0
SensorCalibCoefBank[3036],0
SensorCalibCoefBank[3037],0
SensorCalibCoefBank[3038],0
SensorCalibCoefBank[3039],0
SensorCalibCoefBank[3040],0
SensorCalibCoefBank[3041],0
SensorCalibCoefBank[3042],0
SensorCalibCoefBank[3043],0
SensorCalibCoefBank[3044],0
SensorCalibCoefBank[3045],0
SensorCalibCoefBank[3046],0
SensorCalibCoefBank[3047],0
SensorCalibCoefBank[3048],0
SensorCalibCoefBank[3049],0
SensorCalibCoefBank[3050],0
SensorCalibCoefBank[3051],0
SensorCalibCoefBank[3052],0
SensorCalibCoefBank[3053],0
SensorCalibCoefBank[3054],0
SensorCalibCoefBank[3055],0
SensorCalibCoefBank[3056],0
SensorCalibCoefBank[3057],0
SensorCalibCoefBank[3058],0
SensorCalibCoefBank[3059],0
SensorCalibCoefBank[3060],0
SensorCalibCoefBank[3061],0
SensorCalibCoefBank[3062],0
SensorCalibCoefBank[3063],0
SensorCalibCoefBank[3064],0
SensorCalibCoefBank[3065],0
SensorCalibCoefBank[3066],0
SensorCalibCoefBank[3067],0
SensorCalibCoefBank[3068],0
SensorCalibCoefBank[3069],0
SensorCalibCoefBank[3070],0
SensorCalibCoefBank[3071],0
SensorCalibCoefBank[3072],0
SensorCalibCoefBank[3073],0
SensorCalibCoefBank[3074],0
SensorCalibCoefBank[3075],0
SensorCalibCoefBank[3076],0
SensorCalibCoefBank[3077],0
SensorCalibCoefBank[3078],0
SensorCalibCoefBank[3079],0
SensorCalibCoefBank[3080],0
SensorCalibCoefBank[3081],0
SensorCalibCoefBank[3082],0
SensorCalibCoefBank[3083],0
SensorCalibCoefBank[3084],0
SensorCalibCoefBank[3085],0
SensorCalibCoefBank[3086],0
SensorCalibCoefBank[3087],0
SensorCalibCoefBank[3088],0
SensorCalibCoefBank[3089],0
SensorCalibCoefBank[3090],0
SensorCalibCoefBank[3091],0
SensorCalibCoefBank[3092],0
SensorCalibCoefBank[3093],0
SensorCalibCoefBank[3094],0
SensorCalibCoefBank[3095],0
SensorCalibCoefBank[3096],0
SensorCalibCoefBank[3097],0
SensorCalibCoefBank[3098],0
SensorCalibCoefBank[3099],0
SensorCalibCoefBank[3100],0
SensorCalibCoefBank[3101],0
SensorCalibCoefBank[3102],0
SensorCalibCoefBank[3103],0
SensorCalibCoefBank[3104],0
SensorCalibCoefBank[3105],0
SensorCalibCoefBank[3106],0
SensorCalibCoefBank[3107],0
SensorCalibCoefBank[3108],0
SensorCalibCoefBank[3109],0
SensorCalibCoefBank[3110],0
SensorCalibCoefBank[3111],0
SensorCalibCoefBank[3112],0
SensorCalibCoefBank[3113],0
SensorCalibCoefBank[3114],0
SensorCalibCoefBank[3115],0
SensorCalibCoefBank[3116],0
SensorCalibCoefBank[3117],0
SensorCalibCoefBank[3118],0
SensorCalibCoefBank[3119],0
SensorCalibCoefBank[3120],0
SensorCalibCoefBank[3121],0
SensorCalibCoefBank[3122],0
SensorCalibCoefBank[3123],0
SensorCalibCoefBank[3124],0
SensorCalibCoefBank[3125],0
SensorCalibCoefBank[3126],0
SensorCalibCoefBank[3127],0
SensorCalibCoefBank[3128],0
SensorCalibCoefBank[3129],0
SensorCalibCoefBank[3130],0
SensorCalibCoefBank[3131],0
SensorCalibCoefBank[3132],0
SensorCalibCoefBank[3133],0
SensorCalibCoefBank[3134],0
SensorCalibCoefBank[3135],0
SensorCalibCoefBank[3136],0
SensorCalibCoefBank[3137],0
SensorCalibCoefBank[3138],0
SensorCalibCoefBank[3139],0
SensorCalibCoefBank[3140],0
SensorCalibCoefBank[3141],0
SensorCalibCoefBank[3142],0
SensorCalibCoefBank[3143],0
SensorCalibCoefBank[3144],0
SensorCalibCoefBank[3145],0
SensorCalibCoefBank[3146],0
SensorCalibCoefBank[3147],0
SensorCalibCoefBank[3148],0
SensorCalibCoefBank[3149],0
SensorCalibCoefBank[3150],0
SensorCalibCoefBank[3151],0
SensorCalibCoefBank[3152],0
SensorCalibCoefBank[3153],0
SensorCalibCoefBank[3154],0
SensorCalibCoefBank[3155],0
SensorCalibCoefBank[3156],0
SensorCalibCoefBank[3157],0
SensorCalibCoefBank[3158],0
SensorCalibCoefBank[3159],0
SensorCalibCoefBank[3160],0
SensorCalibCoefBank[3161],0
SensorCalibCoefBank[3162],0
SensorCalibCoefBank[3163],0
SensorCalibCoefBank[3164],0
SensorCalibCoefBank[3165],0
SensorCalibCoefBank[3166],0
SensorCalibCoefBank[3167],0
SensorCalibCoefBank[3168],0
SensorCalibCoefBank[3169],0
SensorCalibCoefBank[3170],0
SensorCalibCoefBank[3171],0
SensorCalibCoefBank[3172],0
SensorCalibCoefBank[3173],0
SensorCalibCoefBank[3174],0
SensorCalibCoefBank[3175],0
SensorCalibCoefBank[3176],0
SensorCalibCoefBank[3177],0
SensorCalibCoefBank[3178],0
SensorCalibCoefBank[3179],0
SensorCalibCoefBank[3180],0
SensorCalibCoefBank[3181],0
SensorCalibCoefBank[3182],0
SensorCalibCoefBank[3183],0
SensorCalibCoefBank[3184],0
SensorCalibCoefBank[3185],0
SensorCalibCoefBank[3186],0
SensorCalibCoefBank[3187],0
SensorCalibCoefBank[3188],0
SensorCalibCoefBank[3189],0
SensorCalibCoefBank[3190],0
SensorCalibCoefBank[3191],0
SensorCalibCoefBank[3192],0
SensorCalibCoefBank[3193],0
SensorCalibCoefBank[3194],0
SensorCalibCoefBank[3195],0
SensorCalibCoefBank[3196],0
SensorCalibCoefBank[3197],0
SensorCalibCoefBank[3198],0
SensorCalibCoefBank[3199],0
SensorCalibCoefBank[3200],0
SensorCalibCoefBank[3201],0
SensorCalibCoefBank[3202],0
SensorCalibCoefBank[3203],0
SensorCalibCoefBank[3204],0
SensorCalibCoefBank[3205],0
SensorCalibCoefBank[3206],0
SensorCalibCoefBank[3207],0
SensorCalibCoefBank[3208],0
SensorCalibCoefBank[3209],0
SensorCalibCoefBank[3210],0
SensorCalibCoefBank[3211],0
SensorCalibCoefBank[3212],0
SensorCalibCoefBank[3213],0
SensorCalibCoefBank[3214],0
SensorCalibCoefBank[3215],0
SensorCalibCoefBank[3216],0
SensorCalibCoefBank[3217],0
SensorCalibCoefBank[3218],0
SensorCalibCoefBank[3219],0
SensorCalibCoefBank[3220],0
SensorCalibCoefBank[3221],0
SensorCalibCoefBank[3222],0
SensorCalibCoefBank[3223],0
SensorCalibCoefBank[3224],0
SensorCalibCoefBank[3225],0
SensorCalibCoefBank[3226],0
SensorCalibCoefBank[3227],0
SensorCalibCoefBank[3228],0
SensorCalibCoefBank[3229],0
SensorCalibCoefBank[3230],0
SensorCalibCoefBank[3231],0
SensorCalibCoefBank[3232],0
SensorCalibCoefBank[3233],0
SensorCalibCoefBank[3234],0
SensorCalibCoefBank[3235],0
SensorCalibCoefBank[3236],0
SensorCalibCoefBank[3237],0
SensorCalibCoefBank[3238],0
SensorCalibCoefBank[3239],0
SensorCalibCoefBank[3240],0
SensorCalibCoefBank[3241],0
SensorCalibCoefBank[3242],0
SensorCalibCoefBank[3243],0
SensorCalibCoefBank[3244],0
SensorCalibCoefBank[3245],0
SensorCalibCoefBank[3246],0
SensorCalibCoefBank[3247],0
SensorCalibCoefBank[3248],0
SensorCalibCoefBank[3249],0
SensorCalibCoefBank[3250],0
SensorCalibCoefBank[3251],0
SensorCalibCoefBank[3252],0
SensorCalibCoefBank[3253],0
SensorCalibCoefBank[3254],0
SensorCalibCoefBank[3255],0
SensorCalibCoefBank[3256],0
SensorCalibCoefBank[3257],0
SensorCalibCoefBank[3258],0
SensorCalibCoefBank[3259],0
SensorCalibCoefBank[3260],0
SensorCalibCoefBank[3261],0
SensorCalibCoefBank[3262],0
SensorCalibCoefBank[3263],0
SensorCalibCoefBank[3264],0
SensorCalibCoefBank[3265],0
SensorCalibCoefBank[3266],0
SensorCalibCoefBank[3267],0
SensorCalibCoefBank[3268],0
SensorCalibCoefBank[3269],0
SensorCalibCoefBank[3270],0
SensorCalibCoefBank[3271],0
SensorCalibCoefBank[3272],0
SensorCalibCoefBank[3273],0
SensorCalibCoefBank[3274],0
SensorCalibCoefBank[3275],0
SensorCalibCoefBank[3276],0
SensorCalibCoefBank[3277],0
SensorCalibCoefBank[3278],0
SensorCalibCoefBank[3279],0
SensorCalibCoefBank[3280],0
SensorCalibCoefBank[3281],0
SensorCalibCoefBank[3282],0
SensorCalibCoefBank[3283],0
SensorCalibCoefBank[3284],0
SensorCalibCoefBank[3285],0
SensorCalibCoefBank[3286],0
SensorCalibCoefBank[3287],0
SensorCalibCoefBank[3288],0
SensorCalibCoefBank[3289],0
SensorCalibCoefBank[3290],0
SensorCalibCoefBank[3291],0
SensorCalibCoefBank[3292],0
SensorCalibCoefBank[3293],0
SensorCalibCoefBank[3294],0
SensorCalibCoefBank[3295],0
SensorCalibCoefBank[3296],0
SensorCalibCoefBank[3297],0
SensorCalibCoefBank[3298],0
SensorCalibCoefBank[3299],0
SensorCalibCoefBank[3300],0
SensorCalibCoefBank[3301],0
SensorCalibCoefBank[3302],0
SensorCalibCoefBank[3303],0
SensorCalibCoefBank[3304],0
SensorCalibCoefBank[3305],0
SensorCalibCoefBank[3306],0
SensorCalibCoefBank[3307],0
SensorCalibCoefBank[3308],0
SensorCalibCoefBank[3309],0
SensorCalibCoefBank[3310],0
SensorCalibCoefBank[3311],0
SensorCalibCoefBank[3312],0
SensorCalibCoefBank[3313],0
SensorCalibCoefBank[3314],0
SensorCalibCoefBank[3315],0
SensorCalibCoefBank[3316],0
SensorCalibCoefBank[3317],0
SensorCalibCoefBank[3318],0
SensorCalibCoefBank[3319],0
SensorCalibCoefBank[3320],0
SensorCalibCoefBank[3321],0
SensorCalibCoefBank[3322],0
SensorCalibCoefBank[3323],0
SensorCalibCoefBank[3324],0
SensorCalibCoefBank[3325],0
SensorCalibCoefBank[3326],0
SensorCalibCoefBank[3327],0
SensorCalibCoefBank[3328],0
SensorCalibCoefBank[3329],0
SensorCalibCoefBank[3330],0
SensorCalibCoefBank[3331],0
SensorCalibCoefBank[3332],0
SensorCalibCoefBank[3333],0
SensorCalibCoefBank[3334],0
SensorCalibCoefBank[3335],0
SensorCalibCoefBank[3336],0
SensorCalibCoefBank[3337],0
SensorCalibCoefBank[3338],0
SensorCalibCoefBank[3339],0
SensorCalibCoefBank[3340],0
SensorCalibCoefBank[3341],0
SensorCalibCoefBank[3342],0
SensorCalibCoefBank[3343],0
SensorCalibCoefBank[3344],0
SensorCalibCoefBank[3345],0
SensorCalibCoefBank[3346],0
SensorCalibCoefBank[3347],0
SensorCalibCoefBank[3348],0
SensorCalibCoefBank[3349],0
SensorCalibCoefBank[3350],0
SensorCalibCoefBank[3351],0
SensorCalibCoefBank[3352],0
SensorCalibCoefBank[3353],0
SensorCalibCoefBank[3354],0
SensorCalibCoefBank[3355],0
SensorCalibCoefBank[3356],0
SensorCalibCoefBank[3357],0
SensorCalibCoefBank[3358],0
SensorCalibCoefBank[3359],0
SensorCalibCoefBank[3360],0
SensorCalibCoefBank[3361],0
SensorCalibCoefBank[3362],0
SensorCalibCoefBank[3363],0
SensorCalibCoefBank[3364],0
SensorCalibCoefBank[3365],0
SensorCalibCoefBank[3366],0
SensorCalibCoefBank[3367],0
SensorCalibCoefBank[3368],0
SensorCalibCoefBank[3369],0
SensorCalibCoefBank[3370],0
SensorCalibCoefBank[3371],0
SensorCalibCoefBank[3372],0
SensorCalibCoefBank[3373],0
SensorCalibCoefBank[3374],0
SensorCalibCoefBank[3375],0
SensorCalibCoefBank[3376],0
SensorCalibCoefBank[3377],0
SensorCalibCoefBank[3378],0
SensorCalibCoefBank[3379],0
SensorCalibCoefBank[3380],0
SensorCalibCoefBank[3381],0
SensorCalibCoefBank[3382],0
SensorCalibCoefBank[3383],0
SensorCalibCoefBank[3384],0
SensorCalibCoefBank[3385],0
SensorCalibCoefBank[3386],0
SensorCalibCoefBank[3387],0
SensorCalibCoefBank[3388],0
SensorCalibCoefBank[3389],0
SensorCalibCoefBank[3390],0
SensorCalibCoefBank[3391],0
SensorCalibCoefBank[3392],0
SensorCalibCoefBank[3393],0
SensorCalibCoefBank[3394],0
SensorCalibCoefBank[3395],0
SensorCalibCoefBank[3396],0
SensorCalibCoefBank[3397],0
SensorCalibCoefBank[3398],0
SensorCalibCoefBank[3399],0
SensorCalibCoefBank[3400],0
SensorCalibCoefBank[3401],0
SensorCalibCoefBank[3402],0
SensorCalibCoefBank[3403],0
SensorCalibCoefBank[3404],0
SensorCalibCoefBank[3405],0
SensorCalibCoefBank[3406],0
SensorCalibCoefBank[3407],0
SensorCalibCoefBank[3408],0
SensorCalibCoefBank[3409],0
SensorCalibCoefBank[3410],0
SensorCalibCoefBank[3411],0
SensorCalibCoefBank[3412],0
SensorCalibCoefBank[3413],0
SensorCalibCoefBank[3414],0
SensorCalibCoefBank[3415],0
SensorCalibCoefBank[3416],0
SensorCalibCoefBank[3417],0
SensorCalibCoefBank[3418],0
SensorCalibCoefBank[3419],0
SensorCalibCoefBank[3420],0
SensorCalibCoefBank[3421],0
SensorCalibCoefBank[3422],0
SensorCalibCoefBank[3423],0
SensorCalibCoefBank[3424],0
SensorCalibCoefBank[3425],0
SensorCalibCoefBank[3426],0
SensorCalibCoefBank[3427],0
SensorCalibCoefBank[3428],0
SensorCalibCoefBank[3429],0
SensorCalibCoefBank[3430],0
SensorCalibCoefBank[3431],0
SensorCalibCoefBank[3432],0
SensorCalibCoefBank[3433],0
SensorCalibCoefBank[3434],0
SensorCalibCoefBank[3435],0
SensorCalibCoefBank[3436],0
SensorCalibCoefBank[3437],0
SensorCalibCoefBank[3438],0
SensorCalibCoefBank[3439],0
SensorCalibCoefBank[3440],0
SensorCalibCoefBank[3441],0
SensorCalibCoefBank[3442],0
SensorCalibCoefBank[3443],0
SensorCalibCoefBank[3444],0
SensorCalibCoefBank[3445],0
SensorCalibCoefBank[3446],0
SensorCalibCoefBank[3447],0
SensorCalibCoefBank[3448],0
SensorCalibCoefBank[3449],0
SensorCalibCoefBank[3450],0
SensorCalibCoefBank[3451],0
SensorCalibCoefBank[3452],0
SensorCalibCoefBank[3453],0
SensorCalibCoefBank[3454],0
SensorCalibCoefBank[3455],0
SensorCalibCoefBank[3456],0
SensorCalibCoefBank[3457],0
SensorCalibCoefBank[3458],0
SensorCalibCoefBank[3459],0
SensorCalibCoefBank[3460],0
SensorCalibCoefBank[3461],0
SensorCalibCoefBank[3462],0
SensorCalibCoefBank[3463],0
SensorCalibCoefBank[3464],0
SensorCalibCoefBank[3465],0
SensorCalibCoefBank[3466],0
SensorCalibCoefBank[3467],0
SensorCalibCoefBank[3468],0
SensorCalibCoefBank[3469],0
SensorCalibCoefBank[3470],0
SensorCalibCoefBank[3471],0
SensorCalibCoefBank[3472],0
SensorCalibCoefBank[3473],0
SensorCalibCoefBank[3474],0
SensorCalibCoefBank[3475],0
SensorCalibCoefBank[3476],0
SensorCalibCoefBank[3477],0
SensorCalibCoefBank[3478],0
SensorCalibCoefBank[3479],0
SensorCalibCoefBank[3480],0
SensorCalibCoefBank[3481],0
SensorCalibCoefBank[3482],0
SensorCalibCoefBank[3483],0
SensorCalibCoefBank[3484],0
SensorCalibCoefBank[3485],0
SensorCalibCoefBank[3486],0
SensorCalibCoefBank[3487],0
SensorCalibCoefBank[3488],0
SensorCalibCoefBank[3489],0
SensorCalibCoefBank[3490],0
SensorCalibCoefBank[3491],0
SensorCalibCoefBank[3492],0
SensorCalibCoefBank[3493],0
SensorCalibCoefBank[3494],0
SensorCalibCoefBank[3495],0
SensorCalibCoefBank[3496],0
SensorCalibCoefBank[3497],0
SensorCalibCoefBank[3498],0
SensorCalibCoefBank[3499],0
SensorCalibCoefBank[3500],0
SensorCalibCoefBank[3501],0
SensorCalibCoefBank[3502],0
SensorCalibCoefBank[3503],0
SensorCalibCoefBank[3504],0
SensorCalibCoefBank[3505],0
SensorCalibCoefBank[3506],0
SensorCalibCoefBank[3507],0
SensorCalibCoefBank[3508],0
SensorCalibCoefBank[3509],0
SensorCalibCoefBank[3510],0
SensorCalibCoefBank[3511],0
SensorCalibCoefBank[3512],0
SensorCalibCoefBank[3513],0
SensorCalibCoefBank[3514],0
SensorCalibCoefBank[3515],0
SensorCalibCoefBank[3516],0
SensorCalibCoefBank[3517],0
SensorCalibCoefBank[3518],0
SensorCalibCoefBank[3519],0
SensorCalibCoefBank[3520],0
SensorCalibCoefBank[3521],0
SensorCalibCoefBank[3522],0
SensorCalibCoefBank[3523],0
SensorCalibCoefBank[3524],0
SensorCalibCoefBank[3525],0
SensorCalibCoefBank[3526],0
SensorCalibCoefBank[3527],0
SensorCalibCoefBank[3528],0
SensorCalibCoefBank[3529],0
SensorCalibCoefBank[3530],0
SensorCalibCoefBank[3531],0
SensorCalibCoefBank[3532],0
SensorCalibCoefBank[3533],0
SensorCalibCoefBank[3534],0
SensorCalibCoefBank[3535],0
SensorCalibCoefBank[3536],0
SensorCalibCoefBank[3537],0
SensorCalibCoefBank[3538],0
SensorCalibCoefBank[3539],0
SensorCalibCoefBank[3540],0
SensorCalibCoefBank[3541],0
SensorCalibCoefBank[3542],0
SensorCalibCoefBank[3543],0
SensorCalibCoefBank[3544],0
SensorCalibCoefBank[3545],0
SensorCalibCoefBank[3546],0
SensorCalibCoefBank[3547],0
SensorCalibCoefBank[3548],0
SensorCalibCoefBank[3549],0
SensorCalibCoefBank[3550],0
SensorCalibCoefBank[3551],0
SensorCalibCoefBank[3552],0
SensorCalibCoefBank[3553],0
SensorCalibCoefBank[3554],0
SensorCalibCoefBank[3555],0
SensorCalibCoefBank[3556],0
SensorCalibCoefBank[3557],0
SensorCalibCoefBank[3558],0
SensorCalibCoefBank[3559],0
SensorCalibCoefBank[3560],0
SensorCalibCoefBank[3561],0
SensorCalibCoefBank[3562],0
SensorCalibCoefBank[3563],0
SensorCalibCoefBank[3564],0
SensorCalibCoefBank[3565],0
SensorCalibCoefBank[3566],0
SensorCalibCoefBank[3567],0
SensorCalibCoefBank[3568],0
SensorCalibCoefBank[3569],0
SensorCalibCoefBank[3570],0
SensorCalibCoefBank[3571],0
SensorCalibCoefBank[3572],0
SensorCalibCoefBank[3573],0
SensorCalibCoefBank[3574],0
SensorCalibCoefBank[3575],0
SensorCalibCoefBank[3576],0
SensorCalibCoefBank[3577],0
SensorCalibCoefBank[3578],0
SensorCalibCoefBank[3579],0
SensorCalibCoefBank[3580],0
SensorCalibCoefBank[3581],0
SensorCalibCoefBank[3582],0
SensorCalibCoefBank[3583],0
SensorCalibCoefBank[3584],0
SensorCalibCoefBank[3585],0
SensorCalibCoefBank[3586],0
SensorCalibCoefBank[3587],0
SensorCalibCoefBank[3588],0
SensorCalibCoefBank[3589],0
SensorCalibCoefBank[3590],0
SensorCalibCoefBank[3591],0
SensorCalibCoefBank[3592],0
SensorCalibCoefBank[3593],0
SensorCalibCoefBank[3594],0
SensorCalibCoefBank[3595],0
SensorCalibCoefBank[3596],0
SensorCalibCoefBank[3597],0
SensorCalibCoefBank[3598],0
SensorCalibCoefBank[3599],0
SensorCalibCoefBank[3600],0
SensorCalibCoefBank[3601],0
SensorCalibCoefBank[3602],0
SensorCalibCoefBank[3603],0
SensorCalibCoefBank[3604],0
SensorCalibCoefBank[3605],0
SensorCalibCoefBank[3606],0
SensorCalibCoefBank[3607],0
SensorCalibCoefBank[3608],0
SensorCalibCoefBank[3609],0
SensorCalibCoefBank[3610],0
SensorCalibCoefBank[3611],0
SensorCalibCoefBank[3612],0
SensorCalibCoefBank[3613],0
SensorCalibCoefBank[3614],0
SensorCalibCoefBank[3615],0
SensorCalibCoefBank[3616],0
SensorCalibCoefBank[3617],0
SensorCalibCoefBank[3618],0
SensorCalibCoefBank[3619],0
SensorCalibCoefBank[3620],0
SensorCalibCoefBank[3621],0
SensorCalibCoefBank[3622],0
SensorCalibCoefBank[3623],0
SensorCalibCoefBank[3624],0
SensorCalibCoefBank[3625],0
SensorCalibCoefBank[3626],0
SensorCalibCoefBank[3627],0
SensorCalibCoefBank[3628],0
SensorCalibCoefBank[3629],0
SensorCalibCoefBank[3630],0
SensorCalibCoefBank[3631],0
SensorCalibCoefBank[3632],0
SensorCalibCoefBank[3633],0
SensorCalibCoefBank[3634],0
SensorCalibCoefBank[3635],0
SensorCalibCoefBank[3636],0
SensorCalibCoefBank[3637],0
SensorCalibCoefBank[3638],0
SensorCalibCoefBank[3639],0
SensorCalibCoefBank[3640],0
SensorCalibCoefBank[3641],0
SensorCalibCoefBank[3642],0
SensorCalibCoefBank[3643],0
SensorCalibCoefBank[3644],0
SensorCalibCoefBank[3645],0
SensorCalibCoefBank[3646],0
SensorCalibCoefBank[3647],0
SensorCalibCoefBank[3648],0
SensorCalibCoefBank[3649],0
SensorCalibCoefBank[3650],0
SensorCalibCoefBank[3651],0
SensorCalibCoefBank[3652],0
SensorCalibCoefBank[3653],0
SensorCalibCoefBank[3654],0
SensorCalibCoefBank[3655],0
SensorCalibCoefBank[3656],0
SensorCalibCoefBank[3657],0
SensorCalibCoefBank[3658],0
SensorCalibCoefBank[3659],0
SensorCalibCoefBank[3660],0
SensorCalibCoefBank[3661],0
SensorCalibCoefBank[3662],0
SensorCalibCoefBank[3663],0
SensorCalibCoefBank[3664],0
SensorCalibCoefBank[3665],0
SensorCalibCoefBank[3666],0
SensorCalibCoefBank[3667],0
SensorCalibCoefBank[3668],0
SensorCalibCoefBank[3669],0
SensorCalibCoefBank[3670],0
SensorCalibCoefBank[3671],0
SensorCalibCoefBank[3672],0
SensorCalibCoefBank[3673],0
SensorCalibCoefBank[3674],0
SensorCalibCoefBank[3675],0
SensorCalibCoefBank[3676],0
SensorCalibCoefBank[3677],0
SensorCalibCoefBank[3678],0
SensorCalibCoefBank[3679],0
SensorCalibCoefBank[3680],0
SensorCalibCoefBank[3681],0
SensorCalibCoefBank[3682],0
SensorCalibCoefBank[3683],0
SensorCalibCoefBank[3684],0
SensorCalibCoefBank[3685],0
SensorCalibCoefBank[3686],0
SensorCalibCoefBank[3687],0
SensorCalibCoefBank[3688],0
SensorCalibCoefBank[3689],0
SensorCalibCoefBank[3690],0
SensorCalibCoefBank[3691],0
SensorCalibCoefBank[3692],0
SensorCalibCoefBank[3693],0
SensorCalibCoefBank[3694],0
SensorCalibCoefBank[3695],0
SensorCalibCoefBank[3696],0
SensorCalibCoefBank[3697],0
SensorCalibCoefBank[3698],0
SensorCalibCoefBank[3699],0
SensorCalibCoefBank[3700],0
SensorCalibCoefBank[3701],0
SensorCalibCoefBank[3702],0
SensorCalibCoefBank[3703],0
SensorCalibCoefBank[3704],0
SensorCalibCoefBank[3705],0
SensorCalibCoefBank[3706],0
SensorCalibCoefBank[3707],0
SensorCalibCoefBank[3708],0
SensorCalibCoefBank[3709],0
SensorCalibCoefBank[3710],0
SensorCalibCoefBank[3711],0
SensorCalibCoefBank[3712],0
SensorCalibCoefBank[3713],0
SensorCalibCoefBank[3714],0
SensorCalibCoefBank[3715],0
SensorCalibCoefBank[3716],0
SensorCalibCoefBank[3717],0
SensorCalibCoefBank[3718],0
SensorCalibCoefBank[3719],0
SensorCalibCoefBank[3720],0
SensorCalibCoefBank[3721],0
SensorCalibCoefBank[3722],0
SensorCalibCoefBank[3723],0
SensorCalibCoefBank[3724],0
SensorCalibCoefBank[3725],0
SensorCalibCoefBank[3726],0
SensorCalibCoefBank[3727],0
SensorCalibCoefBank[3728],0
SensorCalibCoefBank[3729],0
SensorCalibCoefBank[3730],0
SensorCalibCoefBank[3731],0
SensorCalibCoefBank[3732],0
SensorCalibCoefBank[3733],0
SensorCalibCoefBank[3734],0
SensorCalibCoefBank[3735],0
SensorCalibCoefBank[3736],0
SensorCalibCoefBank[3737],0
SensorCalibCoefBank[3738],0
SensorCalibCoefBank[3739],0
SensorCalibCoefBank[3740],0
SensorCalibCoefBank[3741],0
SensorCalibCoefBank[3742],0
SensorCalibCoefBank[3743],0
SensorCalibCoefBank[3744],0
SensorCalibCoefBank[3745],0
SensorCalibCoefBank[3746],0
SensorCalibCoefBank[3747],0
SensorCalibCoefBank[3748],0
SensorCalibCoefBank[3749],0
SensorCalibCoefBank[3750],0
SensorCalibCoefBank[3751],0
SensorCalibCoefBank[3752],0
SensorCalibCoefBank[3753],0
SensorCalibCoefBank[3754],0
SensorCalibCoefBank[3755],0
SensorCalibCoefBank[3756],0
SensorCalibCoefBank[3757],0
SensorCalibCoefBank[3758],0
SensorCalibCoefBank[3759],0
SensorCalibCoefBank[3760],0
SensorCalibCoefBank[3761],0
SensorCalibCoefBank[3762],0
SensorCalibCoefBank[3763],0
SensorCalibCoefBank[3764],0
SensorCalibCoefBank[3765],0
SensorCalibCoefBank[3766],0
SensorCalibCoefBank[3767],0
SensorCalibCoefBank[3768],0
SensorCalibCoefBank[3769],0
SensorCalibCoefBank[3770],0
SensorCalibCoefBank[3771],0
SensorCalibCoefBank[3772],0
SensorCalibCoefBank[3773],0
SensorCalibCoefBank[3774],0
SensorCalibCoefBank[3775],0
SensorCalibCoefBank[3776],0
SensorCalibCoefBank[3777],0
SensorCalibCoefBank[3778],0
SensorCalibCoefBank[3779],0
SensorCalibCoefBank[3780],0
SensorCalibCoefBank[3781],0
SensorCalibCoefBank[3782],0
SensorCalibCoefBank[3783],0
SensorCalibCoefBank[3784],0
SensorCalibCoefBank[3785],0
SensorCalibCoefBank[3786],0
SensorCalibCoefBank[3787],0
SensorCalibCoefBank[3788],0
SensorCalibCoefBank[3789],0
SensorCalibCoefBank[3790],0
SensorCalibCoefBank[3791],0
SensorCalibCoefBank[3792],0
SensorCalibCoefBank[3793],0
SensorCalibCoefBank[3794],0
SensorCalibCoefBank[3795],0
SensorCalibCoefBank[3796],0
SensorCalibCoefBank[3797],0
SensorCalibCoefBank[3798],0
SensorCalibCoefBank[3799],0
SensorCalibCoefBank[3800],0
SensorCalibCoefBank[3801],0
SensorCalibCoefBank[3802],0
SensorCalibCoefBank[3803],0
SensorCalibCoefBank[3804],0
SensorCalibCoefBank[3805],0
SensorCalibCoefBank[3806],0
SensorCalibCoefBank[3807],0
SensorCalibCoefBank[3808],0
SensorCalibCoefBank[3809],0
SensorCalibCoefBank[3810],0
SensorCalibCoefBank[3811],0
SensorCalibCoefBank[3812],0
SensorCalibCoefBank[3813],0
SensorCalibCoefBank[3814],0
SensorCalibCoefBank[3815],0
SensorCalibCoefBank[3816],0
SensorCalibCoefBank[3817],0
SensorCalibCoefBank[3818],0
SensorCalibCoefBank[3819],0
SensorCalibCoefBank[3820],0
SensorCalibCoefBank[3821],0
SensorCalibCoefBank[3822],0
SensorCalibCoefBank[3823],0
SensorCalibCoefBank[3824],0
SensorCalibCoefBank[3825],0
SensorCalibCoefBank[3826],0
SensorCalibCoefBank[3827],0
SensorCalibCoefBank[3828],0
SensorCalibCoefBank[3829],0
SensorCalibCoefBank[3830],0
SensorCalibCoefBank[3831],0
SensorCalibCoefBank[3832],0
SensorCalibCoefBank[3833],0
SensorCalibCoefBank[3834],0
SensorCalibCoefBank[3835],0
SensorCalibCoefBank[3836],0
SensorCalibCoefBank[3837],0
SensorCalibCoefBank[3838],0
SensorCalibCoefBank[3839],0
SensorCalibCoefBank[3840],0
SensorCalibCoefBank[3841],0
SensorCalibCoefBank[3842],0
SensorCalibCoefBank[3843],0
SensorCalibCoefBank[3844],0
SensorCalibCoefBank[3845],0
SensorCalibCoefBank[3846],0
SensorCalibCoefBank[3847],0
SensorCalibCoefBank[3848],0
SensorCalibCoefBank[3849],0
SensorCalibCoefBank[3850],0
SensorCalibCoefBank[3851],0
SensorCalibCoefBank[3852],0
SensorCalibCoefBank[3853],0
SensorCalibCoefBank[3854],0
SensorCalibCoefBank[3855],0
SensorCalibCoefBank[3856],0
SensorCalibCoefBank[3857],0
SensorCalibCoefBank[3858],0
SensorCalibCoefBank[3859],0
SensorCalibCoefBank[3860],0
SensorCalibCoefBank[3861],0
SensorCalibCoefBank[3862],0
SensorCalibCoefBank[3863],0
SensorCalibCoefBank[3864],0
SensorCalibCoefBank[3865],0
SensorCalibCoefBank[3866],0
SensorCalibCoefBank[3867],0
SensorCalibCoefBank[3868],0
SensorCalibCoefBank[3869],0
SensorCalibCoefBank[3870],0
SensorCalibCoefBank[3871],0
SensorCalibCoefBank[3872],0
SensorCalibCoefBank[3873],0
SensorCalibCoefBank[3874],0
SensorCalibCoefBank[3875],0
SensorCalibCoefBank[3876],0
SensorCalibCoefBank[3877],0
SensorCalibCoefBank[3878],0
SensorCalibCoefBank[3879],0
SensorCalibCoefBank[3880],0
SensorCalibCoefBank[3881],0
SensorCalibCoefBank[3882],0
SensorCalibCoefBank[3883],0
SensorCalibCoefBank[3884],0
SensorCalibCoefBank[3885],0
SensorCalibCoefBank[3886],0
SensorCalibCoefBank[3887],0
SensorCalibCoefBank[3888],0
SensorCalibCoefBank[3889],0
SensorCalibCoefBank[3890],0
SensorCalibCoefBank[3891],0
SensorCalibCoefBank[3892],0
SensorCalibCoefBank[3893],0
SensorCalibCoefBank[3894],0
SensorCalibCoefBank[3895],0
SensorCalibCoefBank[3896],0
SensorCalibCoefBank[3897],0
SensorCalibCoefBank[3898],0
SensorCalibCoefBank[3899],0
SensorCalibCoefBank[3900],0
SensorCalibCoefBank[3901],0
SensorCalibCoefBank[3902],0
SensorCalibCoefBank[3903],0
SensorCalibCoefBank[3904],0
SensorCalibCoefBank[3905],0
SensorCalibCoefBank[3906],0
SensorCalibCoefBank[3907],0
SensorCalibCoefBank[3908],0
SensorCalibCoefBank[3909],0
SensorCalibCoefBank[3910],0
SensorCalibCoefBank[3911],0
SensorCalibCoefBank[3912],0
SensorCalibCoefBank[3913],0
SensorCalibCoefBank[3914],0
SensorCalibCoefBank[3915],0
SensorCalibCoefBank[3916],0
SensorCalibCoefBank[3917],0
SensorCalibCoefBank[3918],0
SensorCalibCoefBank[3919],0
SensorCalibCoefBank[3920],0
SensorCalibCoefBank[3921],0
SensorCalibCoefBank[3922],0
SensorCalibCoefBank[3923],0
SensorCalibCoefBank[3924],0
SensorCalibCoefBank[3925],0
SensorCalibCoefBank[3926],0
SensorCalibCoefBank[3927],0
SensorCalibCoefBank[3928],0
SensorCalibCoefBank[3929],0
SensorCalibCoefBank[3930],0
SensorCalibCoefBank[3931],0
SensorCalibCoefBank[3932],0
SensorCalibCoefBank[3933],0
SensorCalibCoefBank[3934],0
SensorCalibCoefBank[3935],0
SensorCalibCoefBank[3936],0
SensorCalibCoefBank[3937],0
SensorCalibCoefBank[3938],0
SensorCalibCoefBank[3939],0
SensorCalibCoefBank[3940],0
SensorCalibCoefBank[3941],0
SensorCalibCoefBank[3942],0
SensorCalibCoefBank[3943],0
SensorCalibCoefBank[3944],0
SensorCalibCoefBank[3945],0
SensorCalibCoefBank[3946],0
SensorCalibCoefBank[3947],0
SensorCalibCoefBank[3948],0
SensorCalibCoefBank[3949],0
SensorCalibCoefBank[3950],0
SensorCalibCoefBank[3951],0
SensorCalibCoefBank[3952],0
SensorCalibCoefBank[3953],0
SensorCalibCoefBank[3954],0
SensorCalibCoefBank[3955],0
SensorCalibCoefBank[3956],0
SensorCalibCoefBank[3957],0
SensorCalibCoefBank[3958],0
SensorCalibCoefBank[3959],0
SensorCalibCoefBank[3960],0
SensorCalibCoefBank[3961],0
SensorCalibCoefBank[3962],0
SensorCalibCoefBank[3963],0
SensorCalibCoefBank[3964],0
SensorCalibCoefBank[3965],0
SensorCalibCoefBank[3966],0
SensorCalibCoefBank[3967],0
SensorCalibCoefBank[3968],0
SensorCalibCoefBank[3969],0
SensorCalibCoefBank[3970],0
SensorCalibCoefBank[3971],0
SensorCalibCoefBank[3972],0
SensorCalibCoefBank[3973],0
SensorCalibCoefBank[3974],0
SensorCalibCoefBank[3975],0
SensorCalibCoefBank[3976],0
SensorCalibCoefBank[3977],0
SensorCalibCoefBank[3978],0
SensorCalibCoefBank[3979],0
SensorCalibCoefBank[3980],0
SensorCalibCoefBank[3981],0
SensorCalibCoefBank[3982],0
SensorCalibCoefBank[3983],0
SensorCalibCoefBank[3984],0
SensorCalibCoefBank[3985],0
SensorCalibCoefBank[3986],0
SensorCalibCoefBank[3987],0
SensorCalibCoefBank[3988],0
SensorCalibCoefBank[3989],0
SensorCalibCoefBank[3990],0
SensorCalibCoefBank[3991],0
SensorCalibCoefBank[3992],0
SensorCalibCoefBank[3993],0
SensorCalibCoefBank[3994],0
SensorCalibCoefBank[3995],0
SensorCalibCoefBank[3996],0
SensorCalibCoefBank[3997],0
SensorCalibCoefBank[3998],0
SensorCalibCoefBank[3999],0
ChipStabilizationCycleQty,100
OutputStabilizationCycleQty,200
PrtlFrame1Setting.SendFrameEnable,0
PrtlFrame1Setting.DeviceFrameId,0
PrtlFrame1Setting.TempScaleLimit,100
PrtlFrame1Setting.TempSaturationLimit,100
PrtlFrame1Setting.GyroScaleLimit,500
PrtlFrame1Setting.GyroSaturationLimit,500
PrtlFrame1Setting.AccScaleLimit,40
PrtlFrame1Setting.AccSaturationLimit,40
